transaction_id,customer_id,customer_age,gender,product_category,store_location,quantity,unit_price,discount_percent,payment_method,transaction_date,total_amount
1,4174,35.0,Male,Sports,Los Angeles,1,65.04,0.0,UPI,2024-07-17,65.04
2,4507,67.0,Female,Clothing,Phoenix,7,154.87,5.0,Debit Card,2024-04-21,1084.09
3,1860,51.0,Male,Sports,Phoenix,7,268.57,0.0,UPI,2024-05-06,1879.99
4,2294,43.0,Unknown,Groceries,Houston,1,284.39,10.0,Cash,2024-01-21,284.39
5,2130,26.0,Female,Groceries,Phoenix,9,302.29,0.0,Credit Card,2024-05-26,2720.61
6,2095,26.0,Male,Clothing,Chicago,6,87.3,5.0,UPI,2024-03-29,523.8
7,4772,21.0,Male,Clothing,Los Angeles,2,192.97,0.0,UPI,2024-10-29,385.94
8,4092,61.0,Female,Sports,Phoenix,5,310.51,10.0,Credit Card,2024-07-21,1552.55
9,2638,43.0,Male,Home & Kitchen,Chicago,4,485.06,15.0,Cash,2024-03-25,1940.24
10,3169,49.0,Male,Clothing,Chicago,7,365.18,0.0,Cash,2024-06-15,2556.26
11,1466,19.0,Female,Electronics,Chicago,8,461.69,15.0,UPI,2024-03-12,3693.52
12,2238,68.0,Female,Groceries,Chicago,1,382.29,5.0,Debit Card,2024-10-24,382.29
13,1330,58.0,Female,Electronics,Houston,5,297.9,0.0,UPI,2024-01-09,1489.5
14,2482,39.0,Other,Groceries,Chicago,3,100.05,5.0,Credit Card,2024-10-07,300.15
15,3135,28.0,Female,Groceries,Houston,1,335.01,0.0,Credit Card,2024-09-14,335.01
16,4444,28.0,Female,Clothing,Houston,3,313.57,10.0,Credit Card,2024-10-01,940.71
17,4171,32.0,Male,Clothing,Chicago,6,303.22,10.0,UPI,2024-08-25,1819.32
18,3919,40.0,Female,Electronics,Los Angeles,7,247.44,0.0,UPI,2024-01-20,1732.08
19,4735,37.0,Male,Groceries,Chicago,8,266.69,5.0,Cash,2024-08-20,2133.52
20,1130,39.0,Unknown,Electronics,Chicago,4,170.55,10.0,Debit Card,2024-08-08,682.2
21,2685,44.0,Female,Home & Kitchen,Chicago,3,262.06,15.0,UPI,2024-11-21,786.1800000000001
22,4380,25.0,Female,Electronics,Los Angeles,5,102.79,5.0,Cash,2024-01-17,513.95
23,1769,32.0,Male,Sports,New York,9,403.56,0.0,UPI,2024-03-29,3632.04
24,3391,34.0,Female,Electronics,New York,6,96.96,5.0,Cash,2024-07-14,581.76
25,2515,38.0,Female,Sports,Houston,9,47.06,0.0,Cash,2024-12-15,423.54
26,4485,55.0,Male,Sports,Houston,6,220.94,10.0,Debit Card,2024-03-24,1325.64
27,3853,28.0,Male,Sports,Los Angeles,2,330.86,5.0,UPI,2024-03-27,661.72
28,3433,40.0,Female,Home & Kitchen,Phoenix,5,221.67,5.0,Cash,2024-11-02,1108.35
29,2215,43.0,Male,Electronics,New York,9,141.99,5.0,Credit Card,2024-12-03,1277.91
30,1955,20.0,Other,Electronics,Houston,8,281.29,10.0,Credit Card,2024-06-02,2250.32
31,3324,39.0,Male,Home & Kitchen,New York,7,176.77,10.0,Credit Card,2024-08-15,1237.39
32,2184,27.0,Male,Groceries,Los Angeles,1,466.77,5.0,Debit Card,2024-09-20,466.77
33,1459,21.0,Female,Clothing,Los Angeles,4,461.71,0.0,Cash,2024-08-10,1846.84
34,4385,67.0,Male,Electronics,Phoenix,7,253.67,5.0,Debit Card,2024-04-30,1775.6899999999998
35,1021,68.0,Female,Clothing,Phoenix,7,167.3,5.0,UPI,2024-06-21,1171.1
36,3300,56.0,Male,Home & Kitchen,Los Angeles,6,369.88,0.0,UPI,2024-01-04,2219.28
37,1747,32.0,Male,Groceries,Houston,8,23.17,10.0,Cash,2024-12-07,185.36
38,3904,23.0,Female,Groceries,New York,6,240.01,5.0,Credit Card,2024-05-07,1440.06
39,4632,47.0,Female,Groceries,Chicago,3,171.48,0.0,Cash,2024-04-19,514.4399999999999
40,1474,37.0,Female,Home & Kitchen,Phoenix,4,460.67,0.0,Cash,2024-12-20,1842.68
41,2082,24.0,Female,Sports,Chicago,3,10.94,0.0,Cash,2024-02-06,32.82
42,3558,39.0,Female,Sports,Houston,1,278.64,15.0,Debit Card,2024-03-11,278.64
43,4753,19.0,Male,Clothing,Phoenix,5,371.63,0.0,UPI,2024-10-15,1858.15
44,3047,64.0,Male,Sports,Chicago,1,245.08,0.0,Cash,2024-01-31,245.08
45,4547,30.0,Other,Sports,Houston,1,47.27,5.0,Cash,2024-09-24,47.27
46,3747,45.0,Female,Groceries,New York,2,486.37,0.0,Cash,2024-01-11,972.74
47,1975,32.0,Female,Groceries,Houston,4,261.42,0.0,Debit Card,2024-12-09,1045.68
48,2806,39.0,Male,Clothing,Phoenix,6,309.02,0.0,Debit Card,2024-11-23,1854.12
49,1189,41.0,Male,Electronics,Los Angeles,8,122.12,5.0,Debit Card,2024-02-01,976.96
50,4005,39.0,Female,Clothing,New York,3,244.33,5.0,Cash,2024-02-26,732.99
51,3734,68.0,Female,Clothing,Chicago,1,217.43,0.0,Credit Card,2024-06-14,217.43
52,4005,54.0,Female,Home & Kitchen,Phoenix,3,42.07,5.0,Credit Card,2024-07-06,126.21
53,1562,66.0,Female,Home & Kitchen,Los Angeles,3,57.55,0.0,Credit Card,2024-12-07,172.64999999999998
54,2899,63.0,Female,Clothing,Houston,5,419.55,0.0,UPI,2024-01-19,2097.75
55,4638,43.0,Male,Clothing,Los Angeles,4,123.71,0.0,Cash,2024-04-25,494.84
56,2267,65.0,Male,Clothing,Phoenix,4,101.5,0.0,Credit Card,2024-07-02,406.0
57,3879,22.0,Male,Sports,Phoenix,9,254.93,5.0,Credit Card,2024-09-26,2294.37
58,2528,28.0,Male,Home & Kitchen,Los Angeles,7,385.53,10.0,Credit Card,2024-02-02,2698.71
59,4202,20.0,Female,Clothing,Houston,4,35.66,0.0,Cash,2024-01-10,142.64
60,4556,33.0,Female,Groceries,Los Angeles,3,290.52,10.0,Credit Card,2024-03-20,871.56
61,4890,35.0,Female,Groceries,Phoenix,6,64.01,0.0,Credit Card,2024-07-10,384.06000000000006
62,1646,31.0,Male,Sports,Phoenix,3,23.05,5.0,Cash,2024-11-15,69.15
63,3068,58.0,Male,Sports,Chicago,6,31.11,10.0,UPI,2024-07-08,186.66
64,3888,34.0,Male,Electronics,Chicago,9,417.91,0.0,Debit Card,2024-03-08,3761.19
65,3214,31.0,Male,Electronics,New York,6,63.4,5.0,Credit Card,2024-12-13,380.4
66,2297,41.0,Female,Electronics,Phoenix,4,27.35,0.0,Debit Card,2024-05-04,109.4
67,3435,25.0,Male,Sports,Chicago,5,221.76,10.0,UPI,2024-12-01,1108.8
68,1600,56.0,Female,Sports,Los Angeles,6,422.78,0.0,UPI,2024-02-28,2536.68
69,3363,22.0,Male,Sports,Houston,3,134.89,15.0,Credit Card,2024-04-06,404.67
70,3061,70.0,Male,Groceries,Los Angeles,8,213.75,0.0,Cash,2024-10-01,1710.0
71,1241,54.0,Male,Sports,Houston,4,24.76,15.0,UPI,2024-05-28,99.04
72,3041,28.0,Female,Groceries,Chicago,8,227.29,0.0,Debit Card,2024-10-04,1818.32
73,3824,39.0,Female,Electronics,New York,3,290.92,10.0,Debit Card,2024-09-21,872.76
74,4417,39.0,Male,Electronics,Los Angeles,7,287.6,0.0,Debit Card,2024-01-09,2013.2000000000005
75,3612,49.0,Male,Electronics,Los Angeles,9,169.55,15.0,Debit Card,2024-10-09,1525.95
76,3945,50.0,Female,Clothing,Los Angeles,4,161.19,0.0,UPI,2024-09-29,644.76
77,2363,53.0,Male,Clothing,Houston,8,57.78,0.0,Credit Card,2024-10-27,462.24
78,3139,22.0,Male,Home & Kitchen,Chicago,3,186.57,5.0,Credit Card,2024-01-08,559.71
79,2390,34.0,Female,Home & Kitchen,Los Angeles,7,54.25,0.0,Debit Card,2024-07-26,379.75
80,4003,24.0,Female,Home & Kitchen,Los Angeles,3,384.46,0.0,Credit Card,2024-05-04,1153.38
81,2478,60.0,Male,Clothing,New York,7,483.31,15.0,Debit Card,2024-05-02,3383.17
82,4499,44.0,Other,Clothing,New York,6,485.19,0.0,Debit Card,2024-02-02,2911.14
83,3556,33.0,Female,Home & Kitchen,Chicago,2,433.21,0.0,Cash,2024-01-01,866.42
84,1775,21.0,Male,Home & Kitchen,Chicago,3,302.39,15.0,UPI,2024-07-22,907.17
85,1034,32.0,Female,Sports,Phoenix,6,351.93,5.0,UPI,2024-01-06,2111.58
86,3253,33.0,Female,Home & Kitchen,New York,4,146.18,0.0,Debit Card,2024-10-23,584.72
87,4152,50.0,Male,Sports,Phoenix,6,317.23,10.0,UPI,2024-01-05,1903.38
88,2955,45.0,Male,Groceries,Houston,1,230.55,10.0,Credit Card,2024-03-20,230.55
89,2585,62.0,Male,Clothing,Phoenix,1,243.6,0.0,Debit Card,2024-09-30,243.6
90,4943,38.0,Female,Home & Kitchen,Los Angeles,3,380.1,0.0,Cash,2024-06-25,1140.3000000000002
91,4459,24.0,Male,Clothing,Phoenix,8,144.55,10.0,Credit Card,2024-12-03,1156.4
92,4073,49.0,Female,Clothing,Chicago,8,162.43,0.0,Cash,2024-11-16,1299.44
93,2021,53.0,Female,Clothing,Houston,4,462.7,0.0,Cash,2024-12-04,1850.8
94,4461,42.0,Male,Groceries,Los Angeles,6,32.83,0.0,UPI,2024-05-15,196.98
95,3613,53.0,Female,Electronics,Phoenix,8,245.39,0.0,UPI,2024-01-25,1963.12
96,2129,39.0,Male,Home & Kitchen,Houston,7,456.84,10.0,Debit Card,2024-11-20,3197.88
97,4843,40.0,Female,Electronics,Houston,7,307.13,10.0,UPI,2024-07-01,2149.91
98,4893,37.0,Female,Electronics,Los Angeles,4,275.47,5.0,Cash,2024-06-16,1101.88
99,2500,19.0,Male,Electronics,Phoenix,9,128.62,0.0,Cash,2024-12-03,1157.58
100,1702,24.0,Female,Clothing,Houston,6,174.92,0.0,Credit Card,2024-06-26,1049.52
101,3449,19.0,Male,Sports,Houston,3,426.76,0.0,Cash,2024-04-04,1280.28
102,3777,44.0,Male,Clothing,New York,5,281.81,0.0,Debit Card,2024-02-02,1409.05
103,2579,33.0,Male,Clothing,Houston,5,259.8,10.0,Debit Card,2024-04-20,1299.0
104,1161,40.0,Male,Electronics,New York,5,54.29,5.0,UPI,2024-05-25,271.45
105,1201,64.0,Unknown,Clothing,Phoenix,8,12.93,0.0,UPI,2024-08-18,103.44
106,2981,30.0,Male,Electronics,Phoenix,9,482.02,0.0,UPI,2024-09-28,4338.18
107,1995,36.0,Male,Sports,Phoenix,9,191.61,0.0,Debit Card,2024-12-01,1724.4900000000002
108,3317,52.0,Female,Home & Kitchen,Chicago,6,303.59,5.0,Cash,2024-02-07,1821.54
109,4934,29.0,Male,Electronics,Phoenix,6,44.46,15.0,UPI,2024-05-14,266.76
110,1815,22.0,Unknown,Sports,Houston,9,343.14,5.0,Credit Card,2024-11-29,3088.26
111,4342,32.0,Female,Home & Kitchen,Los Angeles,4,466.62,10.0,UPI,2024-08-22,1866.48
112,1455,26.0,Female,Groceries,New York,6,289.95,5.0,Debit Card,2024-11-14,1739.6999999999998
113,4533,65.0,Male,Electronics,Chicago,4,67.43,0.0,UPI,2024-12-10,269.72
114,4798,56.0,Male,Electronics,Phoenix,1,292.95,0.0,Cash,2024-06-08,292.95
115,2275,44.0,Male,Groceries,Phoenix,7,384.34,15.0,UPI,2024-02-07,2690.38
116,2016,61.0,Female,Groceries,Los Angeles,6,206.18,10.0,Debit Card,2024-05-29,1237.08
117,4773,56.0,Male,Electronics,Los Angeles,9,440.52,0.0,Debit Card,2024-11-03,3964.68
118,3343,28.0,Male,Groceries,Chicago,7,326.1,5.0,Credit Card,2024-01-29,2282.7000000000003
119,4796,63.0,Unknown,Clothing,New York,7,450.13,5.0,Debit Card,2024-05-23,3150.91
120,3767,41.0,Female,Home & Kitchen,Phoenix,2,313.64,5.0,Credit Card,2024-03-16,627.28
121,4820,56.0,Male,Home & Kitchen,Chicago,9,69.99,15.0,Cash,2024-05-24,629.91
122,1337,63.0,Male,Home & Kitchen,Houston,9,158.3,5.0,Debit Card,2024-08-16,1424.7
123,1878,33.0,Unknown,Clothing,Houston,6,104.89,5.0,UPI,2024-03-04,629.34
124,2076,24.0,Male,Groceries,Chicago,3,454.87,0.0,Cash,2024-12-12,1364.61
125,1791,29.0,Female,Sports,Phoenix,1,381.4,0.0,UPI,2024-12-10,381.4
126,4993,37.0,Female,Groceries,Chicago,4,339.82,0.0,UPI,2024-09-25,1359.28
127,3264,57.0,Male,Electronics,Phoenix,3,153.98,0.0,UPI,2024-11-23,461.94
128,1763,60.0,Female,Home & Kitchen,Los Angeles,1,96.1,10.0,Cash,2024-07-02,96.1
129,3235,18.0,Male,Groceries,Chicago,3,379.44,10.0,Cash,2024-09-17,1138.32
130,1379,40.0,Male,Sports,Phoenix,4,239.71,0.0,Debit Card,2024-09-24,958.84
131,1492,36.0,Female,Electronics,Chicago,8,116.77,10.0,UPI,2024-06-17,934.16
132,4112,29.0,Female,Clothing,Chicago,9,310.23,0.0,Credit Card,2024-09-15,2792.07
133,2180,24.0,Female,Clothing,Phoenix,3,24.97,0.0,Debit Card,2024-08-14,74.91
134,3062,33.0,Female,Sports,Phoenix,6,166.45,0.0,Cash,2024-02-02,998.7
135,4884,66.0,Male,Electronics,New York,5,236.94,0.0,Credit Card,2024-08-01,1184.7
136,1064,33.0,Male,Home & Kitchen,Chicago,6,78.24,0.0,Cash,2024-02-19,469.44
137,4928,40.0,Male,Groceries,Houston,4,492.4,5.0,Credit Card,2024-07-28,1969.6
138,4910,48.0,Male,Electronics,Chicago,6,108.5,5.0,Debit Card,2024-01-29,651.0
139,3568,34.0,Male,Clothing,Chicago,7,69.52,0.0,Credit Card,2024-02-08,486.64
140,2367,68.0,Male,Sports,Phoenix,9,105.75,0.0,Debit Card,2024-12-12,951.75
141,2152,68.0,Male,Sports,Chicago,7,385.69,0.0,Cash,2024-04-09,2699.83
142,3027,30.0,Male,Groceries,Chicago,6,215.63,0.0,Credit Card,2024-06-21,1293.78
143,3695,39.0,Female,Sports,Houston,1,284.88,5.0,UPI,2024-01-17,284.88
144,2495,32.0,Female,Sports,Phoenix,2,15.4,0.0,UPI,2024-02-25,30.8
145,4134,31.0,Male,Electronics,Chicago,1,22.04,10.0,Cash,2024-08-13,22.04
146,2162,20.0,Other,Home & Kitchen,Los Angeles,9,225.68,5.0,Credit Card,2024-02-15,2031.12
147,2522,43.0,Female,Groceries,New York,9,409.24,5.0,UPI,2024-03-07,3683.16
148,3640,40.0,Male,Electronics,Houston,7,443.19,5.0,Debit Card,2024-07-15,3102.33
149,1391,20.0,Female,Home & Kitchen,Chicago,2,47.92,0.0,Credit Card,2024-05-21,95.84
150,2698,31.0,Female,Electronics,Los Angeles,6,271.49,0.0,Credit Card,2024-11-18,1628.94
151,1418,64.0,Female,Electronics,Chicago,4,457.05,0.0,UPI,2024-01-23,1828.2
152,3336,30.0,Male,Sports,Chicago,1,197.05,5.0,Debit Card,2024-04-03,197.05
153,1378,26.0,Female,Home & Kitchen,Phoenix,1,415.64,0.0,Debit Card,2024-08-29,415.64
154,2796,39.0,Male,Groceries,Phoenix,5,71.18,0.0,Debit Card,2024-08-24,355.90000000000003
155,4561,69.0,Female,Groceries,Phoenix,2,468.02,0.0,Credit Card,2024-02-23,936.04
156,3278,30.0,Female,Home & Kitchen,Los Angeles,4,376.95,0.0,Cash,2024-05-17,1507.8
157,4065,46.0,Female,Sports,Chicago,1,470.96,10.0,Credit Card,2024-11-28,470.96
158,3088,53.0,Female,Clothing,New York,4,339.93,10.0,Credit Card,2024-09-28,1359.72
159,4099,30.0,Female,Electronics,Houston,6,184.88,0.0,UPI,2024-02-10,1109.28
160,3182,39.0,Male,Sports,Phoenix,4,469.4,0.0,Cash,2024-04-07,1877.6
161,1200,35.0,Male,Home & Kitchen,Phoenix,1,141.41,0.0,Debit Card,2024-07-01,141.41
162,2863,44.0,Female,Electronics,Chicago,7,169.43,10.0,UPI,2024-05-07,1186.01
163,1779,44.0,Male,Groceries,Chicago,2,351.9,5.0,Credit Card,2024-08-16,703.8
164,3977,41.0,Male,Clothing,Los Angeles,9,383.83,10.0,Cash,2024-11-12,3454.47
165,4104,23.0,Male,Groceries,Los Angeles,3,465.05,15.0,Debit Card,2024-03-26,1395.15
166,4119,58.0,Male,Home & Kitchen,Phoenix,8,106.38,10.0,Debit Card,2024-09-12,851.04
167,1502,33.0,Unknown,Electronics,Chicago,8,400.01,0.0,Credit Card,2024-07-27,3200.08
168,3454,28.0,Female,Home & Kitchen,New York,3,370.58,0.0,Debit Card,2024-08-02,1111.74
169,4645,39.0,Other,Electronics,Houston,4,36.58,10.0,Debit Card,2024-04-09,146.32
170,2751,43.0,Female,Sports,Chicago,2,196.68,0.0,Cash,2024-02-18,393.36
171,1804,47.0,Female,Clothing,Chicago,4,144.97,0.0,UPI,2024-07-19,579.88
172,3146,18.0,Male,Sports,Los Angeles,9,155.72,10.0,Cash,2024-09-14,1401.48
173,3731,40.0,Female,Sports,Houston,2,491.56,5.0,UPI,2024-06-26,983.12
174,2895,29.0,Male,Home & Kitchen,Phoenix,3,323.17,15.0,UPI,2024-09-01,969.51
175,3773,45.0,Female,Clothing,Chicago,4,360.25,10.0,UPI,2024-05-02,1441.0
176,2570,27.0,Female,Electronics,Phoenix,5,488.43,0.0,Debit Card,2024-12-07,2442.15
177,1960,48.0,Male,Electronics,Chicago,1,191.71,15.0,Cash,2024-06-19,191.71
178,4810,35.0,Unknown,Groceries,Phoenix,7,401.91,0.0,Debit Card,2024-11-28,2813.3700000000003
179,3660,66.0,Female,Electronics,Houston,7,220.09,0.0,Credit Card,2024-05-15,1540.63
180,2485,25.0,Female,Home & Kitchen,Los Angeles,9,435.42,5.0,Cash,2024-02-28,3918.78
181,3690,34.0,Male,Sports,Houston,4,94.43,0.0,UPI,2024-07-11,377.72
182,4840,24.0,Female,Sports,New York,6,474.1,5.0,Debit Card,2024-09-24,2844.6000000000004
183,2028,65.0,Female,Sports,Los Angeles,2,113.29,0.0,Debit Card,2024-09-16,226.58
184,4289,61.0,Male,Clothing,Houston,4,166.48,5.0,Cash,2024-04-04,665.92
185,1502,30.0,Male,Electronics,New York,2,379.32,0.0,Cash,2024-05-04,758.64
186,3814,45.0,Female,Home & Kitchen,Chicago,5,199.91,10.0,UPI,2024-02-10,999.55
187,1397,57.0,Male,Clothing,Chicago,7,306.06,10.0,UPI,2024-09-10,2142.42
188,1870,41.0,Female,Groceries,Phoenix,1,225.06,0.0,Credit Card,2024-01-07,225.06
189,3842,41.0,Other,Home & Kitchen,Los Angeles,7,372.47,0.0,UPI,2024-08-03,2607.29
190,1392,30.0,Female,Home & Kitchen,Chicago,6,118.02,0.0,Debit Card,2024-03-09,708.12
191,1206,23.0,Male,Home & Kitchen,Los Angeles,6,33.94,0.0,Credit Card,2024-03-09,203.64
192,2038,63.0,Female,Sports,Chicago,8,153.47,10.0,Credit Card,2024-03-21,1227.76
193,2881,63.0,Male,Home & Kitchen,Phoenix,8,239.78,10.0,Credit Card,2024-01-30,1918.24
194,4625,44.0,Male,Electronics,Houston,6,88.17,0.0,Cash,2024-03-13,529.02
195,3939,39.0,Female,Home & Kitchen,Phoenix,3,180.62,0.0,UPI,2024-09-18,541.86
196,2484,34.0,Male,Sports,New York,5,202.99,0.0,Credit Card,2024-03-29,1014.95
197,4762,50.0,Male,Home & Kitchen,Chicago,2,33.41,5.0,Cash,2024-07-26,66.82
198,4646,63.0,Female,Groceries,New York,5,293.74,0.0,Cash,2024-07-31,1468.7
199,1863,62.0,Male,Groceries,New York,9,442.75,0.0,Credit Card,2024-11-17,3984.75
200,3790,54.0,Male,Sports,Los Angeles,1,80.11,10.0,Credit Card,2024-09-22,80.11
201,4312,45.0,Female,Electronics,Chicago,5,300.91,0.0,Debit Card,2024-10-19,1504.5500000000002
202,1563,39.0,Female,Electronics,New York,6,334.05,5.0,Credit Card,2024-07-25,2004.3
203,2020,39.0,Female,Clothing,Houston,7,212.57,15.0,Debit Card,2024-11-28,1487.99
204,1095,63.0,Male,Sports,New York,9,352.04,5.0,Credit Card,2024-03-17,3168.36
205,2923,43.0,Male,Home & Kitchen,Houston,6,208.31,0.0,Credit Card,2024-10-14,1249.86
206,2757,18.0,Male,Sports,Los Angeles,5,254.8,0.0,UPI,2024-02-16,1274.0
207,3532,23.0,Male,Clothing,New York,7,8.64,10.0,Credit Card,2024-04-19,60.48
208,4478,45.0,Female,Sports,Phoenix,1,347.4,5.0,Credit Card,2024-07-18,347.4
209,3278,18.0,Male,Sports,Los Angeles,5,332.36,10.0,Debit Card,2024-07-28,1661.8000000000002
210,3796,26.0,Male,Clothing,Houston,2,24.01,15.0,Debit Card,2024-06-02,48.02
211,2678,41.0,Female,Electronics,Los Angeles,4,187.28,15.0,UPI,2024-01-10,749.12
212,4242,48.0,Female,Home & Kitchen,New York,7,489.62,15.0,Credit Card,2024-12-18,3427.34
213,1540,45.0,Female,Clothing,Chicago,5,213.26,0.0,Credit Card,2024-06-05,1066.3
214,2059,29.0,Male,Groceries,Chicago,6,253.46,5.0,Debit Card,2024-09-17,1520.76
215,3572,49.0,Male,Electronics,Houston,2,455.42,10.0,Cash,2024-03-17,910.84
216,2183,30.0,Male,Groceries,Houston,3,360.04,10.0,Cash,2024-09-13,1080.12
217,4910,33.0,Male,Electronics,Chicago,7,293.12,5.0,Cash,2024-05-10,2051.84
218,2722,52.0,Female,Home & Kitchen,Houston,2,399.91,0.0,Debit Card,2024-03-07,799.82
219,4314,45.0,Female,Home & Kitchen,Los Angeles,6,432.86,10.0,Debit Card,2024-08-15,2597.16
220,4157,59.0,Female,Sports,Phoenix,5,231.16,10.0,Cash,2024-06-11,1155.8
221,2819,45.0,Female,Groceries,Phoenix,1,240.18,0.0,Cash,2024-01-15,240.18
222,3625,42.0,Male,Electronics,Los Angeles,4,196.1,5.0,Credit Card,2024-08-19,784.4
223,3729,23.0,Female,Home & Kitchen,Phoenix,2,483.52,0.0,Debit Card,2024-07-13,967.04
224,3604,35.0,Male,Clothing,New York,4,350.1,0.0,Debit Card,2024-12-14,1400.4
225,2597,31.0,Female,Home & Kitchen,Los Angeles,1,46.2,0.0,Cash,2024-01-30,46.2
226,4060,30.0,Female,Clothing,Houston,2,432.17,5.0,Cash,2024-12-24,864.34
227,3693,68.0,Male,Electronics,Los Angeles,8,242.88,5.0,UPI,2024-12-03,1943.04
228,1795,35.0,Male,Home & Kitchen,Chicago,6,39.03,5.0,Debit Card,2024-11-26,234.18
229,2051,62.0,Unknown,Home & Kitchen,Houston,2,277.11,10.0,UPI,2024-11-11,554.22
230,2643,44.0,Male,Electronics,Chicago,6,211.5,10.0,Credit Card,2024-10-22,1269.0
231,4627,55.0,Male,Home & Kitchen,Houston,9,439.49,0.0,UPI,2024-11-25,3955.41
232,2363,40.0,Male,Clothing,Phoenix,7,105.98,0.0,Cash,2024-08-07,741.86
233,4869,42.0,Female,Home & Kitchen,Los Angeles,9,414.1,15.0,Debit Card,2024-05-26,3726.9
234,2981,39.0,Female,Groceries,New York,5,281.06,0.0,Debit Card,2024-09-15,1405.3
235,2354,28.0,Female,Sports,Houston,7,32.03,0.0,UPI,2024-10-18,224.21
236,2663,50.0,Male,Clothing,Houston,7,486.06,10.0,UPI,2024-10-25,3402.42
237,2529,31.0,Female,Groceries,Chicago,3,258.74,5.0,Credit Card,2024-05-22,776.22
238,3038,19.0,Male,Electronics,Phoenix,7,148.98,0.0,Credit Card,2024-08-22,1042.86
239,4419,45.0,Female,Clothing,Chicago,1,237.36,0.0,Cash,2024-04-24,237.36
240,2496,27.0,Female,Sports,Chicago,9,429.64,0.0,Cash,2024-12-30,3866.76
241,4302,66.0,Male,Sports,Phoenix,6,155.93,5.0,Cash,2024-03-30,935.58
242,3237,67.0,Male,Electronics,New York,5,100.37,0.0,UPI,2024-07-26,501.85
243,4296,64.0,Male,Electronics,Chicago,7,68.89,15.0,UPI,2024-06-12,482.23
244,2408,35.0,Male,Clothing,Chicago,5,152.44,0.0,Debit Card,2024-03-24,762.2
245,2400,18.0,Male,Home & Kitchen,Houston,5,391.12,5.0,Cash,2024-03-17,1955.6
246,2306,65.0,Female,Electronics,Phoenix,7,238.46,5.0,UPI,2024-06-09,1669.22
247,3680,37.0,Female,Home & Kitchen,Los Angeles,7,117.6,10.0,Debit Card,2024-01-05,823.1999999999999
248,3675,39.0,Male,Groceries,New York,3,87.26,0.0,Cash,2024-03-18,261.78000000000003
249,1972,68.0,Male,Sports,New York,3,169.7,0.0,Credit Card,2024-03-31,509.1
250,2768,60.0,Male,Home & Kitchen,Phoenix,3,470.26,10.0,Credit Card,2024-03-27,1410.78
251,2282,32.0,Female,Sports,Houston,6,174.8,0.0,UPI,2024-09-26,1048.8000000000002
252,4430,35.0,Male,Home & Kitchen,Houston,6,494.12,10.0,Debit Card,2024-04-13,2964.7200000000003
253,1709,59.0,Female,Groceries,Phoenix,3,245.19,5.0,Credit Card,2024-12-04,735.5699999999999
254,2479,33.0,Female,Electronics,Houston,3,93.69,10.0,Debit Card,2024-06-23,281.07
255,2434,27.0,Female,Groceries,New York,8,446.11,10.0,Debit Card,2024-02-23,3568.88
256,1648,42.0,Female,Electronics,New York,8,232.88,0.0,Credit Card,2024-07-29,1863.04
257,1317,66.0,Male,Electronics,Los Angeles,7,356.29,5.0,Debit Card,2024-04-04,2494.03
258,4748,48.0,Unknown,Sports,Phoenix,4,491.94,15.0,Credit Card,2024-08-10,1967.76
259,4296,42.0,Male,Groceries,Chicago,4,29.84,5.0,UPI,2024-01-09,119.36
260,4890,23.0,Male,Home & Kitchen,Chicago,3,52.86,0.0,Cash,2024-02-22,158.57999999999998
261,2257,44.0,Female,Groceries,Los Angeles,5,361.63,5.0,Cash,2024-03-17,1808.15
262,1683,70.0,Other,Sports,Los Angeles,3,144.5,0.0,UPI,2024-07-24,433.5
263,1663,25.0,Female,Electronics,Houston,8,96.23,0.0,Credit Card,2024-11-11,769.84
264,2998,40.0,Male,Sports,Los Angeles,7,24.48,0.0,Credit Card,2024-10-28,171.36
265,4898,39.0,Male,Clothing,Los Angeles,3,15.81,0.0,Credit Card,2024-11-05,47.43
266,4445,51.0,Other,Clothing,Chicago,9,388.37,15.0,Credit Card,2024-11-25,3495.33
267,4743,48.0,Male,Home & Kitchen,Houston,5,71.54,15.0,UPI,2024-04-21,357.70000000000005
268,2631,48.0,Female,Sports,Los Angeles,9,236.52,0.0,Cash,2024-12-16,2128.6800000000003
269,2495,34.0,Female,Home & Kitchen,Los Angeles,7,304.92,0.0,Debit Card,2024-06-13,2134.44
270,4304,32.0,Female,Home & Kitchen,Houston,7,217.03,10.0,Debit Card,2024-10-05,1519.21
271,4763,56.0,Male,Clothing,Phoenix,6,18.42,0.0,Cash,2024-01-27,110.52
272,2136,56.0,Female,Home & Kitchen,Houston,2,392.83,10.0,UPI,2024-03-10,785.66
273,2853,61.0,Male,Clothing,Chicago,9,10.2,5.0,Debit Card,2024-08-05,91.8
274,2520,39.0,Female,Electronics,Phoenix,6,382.14,5.0,Cash,2024-12-30,2292.84
275,3489,40.0,Female,Sports,New York,8,447.19,10.0,UPI,2024-07-07,3577.52
276,1563,39.0,Female,Home & Kitchen,Houston,1,219.26,0.0,Debit Card,2024-11-28,219.26
277,2291,56.0,Male,Clothing,Chicago,5,270.09,5.0,Credit Card,2024-11-01,1350.4499999999998
278,4581,45.0,Unknown,Groceries,Phoenix,1,241.11,0.0,Credit Card,2024-05-03,241.11
279,4878,48.0,Male,Home & Kitchen,Houston,8,197.66,0.0,UPI,2024-01-19,1581.28
280,4457,55.0,Male,Electronics,Los Angeles,8,444.28,5.0,Credit Card,2024-09-13,3554.24
281,4458,62.0,Male,Electronics,Houston,1,447.5,10.0,UPI,2024-10-22,447.5
282,4184,33.0,Female,Groceries,New York,9,171.23,0.0,Cash,2024-01-22,1541.07
283,2636,35.0,Female,Clothing,Houston,2,309.46,5.0,Cash,2024-02-09,618.92
284,4696,39.0,Female,Home & Kitchen,Phoenix,9,463.82,10.0,Debit Card,2024-02-07,4174.38
285,3999,42.0,Male,Clothing,Phoenix,1,481.22,0.0,UPI,2024-02-17,481.22
286,4152,20.0,Male,Electronics,Houston,9,256.93,0.0,Debit Card,2024-07-01,2312.37
287,1698,38.0,Female,Clothing,Phoenix,4,229.15,15.0,Debit Card,2024-03-15,916.6
288,3160,41.0,Male,Electronics,Los Angeles,9,142.95,10.0,Cash,2024-07-27,1286.55
289,1001,39.0,Female,Clothing,Houston,7,479.64,5.0,Debit Card,2024-07-01,3357.48
290,1641,43.0,Unknown,Groceries,Los Angeles,6,75.69,5.0,Credit Card,2024-04-16,454.14
291,3267,19.0,Unknown,Sports,Los Angeles,5,292.02,0.0,Debit Card,2024-07-06,1460.1
292,2589,20.0,Other,Groceries,Chicago,9,144.86,5.0,UPI,2024-09-20,1303.7400000000002
293,1854,57.0,Female,Groceries,Houston,2,143.11,5.0,Credit Card,2024-03-26,286.22
294,2759,34.0,Male,Sports,Phoenix,2,205.46,5.0,Cash,2024-11-19,410.92
295,4296,25.0,Male,Sports,Los Angeles,9,499.4,0.0,UPI,2024-11-26,4494.599999999999
296,3432,40.0,Female,Home & Kitchen,Chicago,3,32.21,0.0,Credit Card,2024-05-16,96.63
297,4474,53.0,Female,Home & Kitchen,Houston,8,291.38,0.0,UPI,2024-12-11,2331.04
298,2661,29.0,Male,Groceries,Houston,9,45.87,0.0,Credit Card,2024-12-01,412.83
299,2153,44.0,Male,Groceries,New York,8,81.49,5.0,UPI,2024-04-04,651.92
300,2076,22.0,Male,Electronics,New York,4,222.58,5.0,UPI,2024-11-21,890.32
301,2707,39.0,Female,Electronics,Los Angeles,1,257.68,0.0,Credit Card,2024-09-01,257.68
302,3777,41.0,Female,Home & Kitchen,New York,4,133.1,0.0,Cash,2024-03-30,532.4
303,2695,41.0,Female,Home & Kitchen,Los Angeles,9,161.65,10.0,Cash,2024-02-28,1454.85
304,2733,45.0,Male,Electronics,Phoenix,2,48.05,5.0,UPI,2024-01-28,96.1
305,2439,50.0,Unknown,Electronics,Los Angeles,3,155.09,5.0,UPI,2024-03-12,465.27
306,3294,69.0,Female,Clothing,New York,8,483.45,0.0,Cash,2024-09-26,3867.6
307,1835,40.0,Male,Clothing,Phoenix,6,472.63,10.0,Cash,2024-01-24,2835.78
308,4510,33.0,Male,Electronics,New York,8,170.76,0.0,Debit Card,2024-04-21,1366.08
309,1202,55.0,Male,Clothing,Los Angeles,7,287.57,0.0,Cash,2024-10-26,2012.99
310,4255,31.0,Male,Sports,Chicago,5,455.25,5.0,UPI,2024-02-25,2276.25
311,1122,37.0,Unknown,Home & Kitchen,Houston,9,8.06,0.0,Credit Card,2024-08-10,72.54
312,1400,22.0,Female,Home & Kitchen,New York,4,406.29,0.0,Cash,2024-04-29,1625.16
313,1766,19.0,Female,Electronics,Los Angeles,6,474.44,5.0,Debit Card,2024-06-27,2846.64
314,1293,68.0,Male,Groceries,Phoenix,2,50.21,10.0,Debit Card,2024-10-14,100.42
315,3327,58.0,Male,Electronics,New York,2,84.92,10.0,Debit Card,2024-10-07,169.84
316,4908,48.0,Female,Clothing,New York,2,480.57,5.0,Credit Card,2024-07-07,961.14
317,3931,36.0,Male,Groceries,Houston,7,271.08,0.0,Cash,2024-03-06,1897.56
318,4681,27.0,Female,Clothing,Los Angeles,2,12.03,0.0,Cash,2024-10-24,24.06
319,1197,26.0,Other,Sports,Chicago,2,132.53,0.0,Cash,2024-09-05,265.06
320,4029,30.0,Female,Clothing,Phoenix,9,227.72,5.0,Credit Card,2024-03-16,2049.48
321,2930,41.0,Female,Sports,Los Angeles,7,347.99,10.0,Credit Card,2024-05-16,2435.9300000000003
322,4582,49.0,Male,Sports,Phoenix,3,367.91,0.0,UPI,2024-06-12,1103.73
323,3799,45.0,Male,Clothing,New York,3,497.73,5.0,Debit Card,2024-08-20,1493.19
324,3191,31.0,Male,Clothing,Houston,7,147.32,0.0,Debit Card,2024-09-11,1031.24
325,1608,67.0,Female,Sports,Houston,5,271.42,5.0,Cash,2024-10-20,1357.1
326,4272,51.0,Male,Groceries,Chicago,6,269.0,15.0,Credit Card,2024-06-18,1614.0
327,2147,41.0,Male,Sports,Houston,8,205.79,0.0,Credit Card,2024-11-12,1646.32
328,1186,44.0,Female,Home & Kitchen,New York,9,88.74,5.0,Cash,2024-06-22,798.66
329,4397,36.0,Male,Sports,Chicago,1,488.84,5.0,Cash,2024-12-10,488.84
330,3511,30.0,Male,Groceries,Los Angeles,3,427.39,15.0,UPI,2024-01-18,1282.17
331,4420,34.0,Male,Home & Kitchen,Houston,7,251.67,10.0,Debit Card,2024-03-10,1761.6899999999998
332,2794,52.0,Other,Electronics,Chicago,6,303.61,0.0,Debit Card,2024-12-03,1821.66
333,1659,18.0,Female,Electronics,New York,7,117.49,5.0,Debit Card,2024-04-25,822.43
334,3811,24.0,Female,Groceries,Phoenix,8,274.17,0.0,UPI,2024-03-20,2193.36
335,4002,20.0,Male,Sports,Phoenix,6,349.01,5.0,Cash,2024-01-15,2094.06
336,2955,20.0,Unknown,Clothing,New York,3,260.01,5.0,Cash,2024-06-24,780.03
337,3450,60.0,Female,Groceries,New York,2,495.19,5.0,Debit Card,2024-09-25,990.38
338,2369,48.0,Male,Home & Kitchen,Phoenix,7,307.61,0.0,Debit Card,2024-04-28,2153.27
339,2986,38.0,Female,Home & Kitchen,Chicago,1,188.63,0.0,UPI,2024-10-25,188.63
340,2534,39.0,Male,Electronics,Phoenix,3,387.22,5.0,Credit Card,2024-07-06,1161.66
341,1146,39.0,Female,Home & Kitchen,New York,4,89.38,10.0,Credit Card,2024-02-26,357.52
342,4219,38.0,Female,Groceries,Houston,1,195.34,10.0,Debit Card,2024-07-17,195.34
343,3911,27.0,Male,Home & Kitchen,Los Angeles,5,176.74,0.0,UPI,2024-01-17,883.7
344,2734,37.0,Unknown,Groceries,Houston,3,218.74,15.0,Debit Card,2024-10-14,656.22
345,2843,36.0,Female,Clothing,Houston,2,391.98,15.0,Credit Card,2024-02-24,783.96
346,1488,44.0,Female,Electronics,New York,3,244.67,0.0,Debit Card,2024-09-25,734.01
347,3976,44.0,Male,Home & Kitchen,Phoenix,8,398.04,0.0,Credit Card,2024-10-29,3184.32
348,2959,20.0,Male,Groceries,Chicago,6,290.36,10.0,Credit Card,2024-03-27,1742.16
349,2663,35.0,Male,Sports,Houston,7,174.32,10.0,Credit Card,2024-11-13,1220.24
350,3598,39.0,Female,Electronics,Phoenix,6,405.94,0.0,Cash,2024-01-29,2435.64
351,3385,40.0,Male,Clothing,Chicago,6,122.95,15.0,Cash,2024-01-22,737.7
352,3919,60.0,Female,Groceries,Houston,3,116.07,5.0,Debit Card,2024-11-16,348.21
353,1640,45.0,Female,Clothing,Chicago,8,254.73,5.0,Credit Card,2024-10-11,2037.84
354,2802,27.0,Male,Clothing,Phoenix,7,134.12,0.0,Cash,2024-02-17,938.84
355,3520,21.0,Female,Home & Kitchen,Los Angeles,7,9.5,0.0,Debit Card,2024-01-05,66.5
356,2969,45.0,Male,Home & Kitchen,Phoenix,6,325.91,5.0,Debit Card,2024-09-06,1955.46
357,3198,19.0,Unknown,Groceries,New York,5,257.99,5.0,Debit Card,2024-06-11,1289.95
358,2438,43.0,Female,Sports,Chicago,8,225.53,5.0,Debit Card,2024-07-20,1804.24
359,4369,66.0,Male,Groceries,Los Angeles,5,483.65,10.0,Debit Card,2024-04-10,2418.25
360,2634,42.0,Male,Sports,Chicago,9,287.74,0.0,UPI,2024-03-11,2589.66
361,1262,35.0,Male,Clothing,Chicago,9,432.4,5.0,Credit Card,2024-06-11,3891.6
362,2787,45.0,Female,Electronics,Houston,1,74.03,0.0,Debit Card,2024-06-21,74.03
363,3191,38.0,Female,Groceries,New York,6,286.76,5.0,UPI,2024-05-20,1720.56
364,3393,41.0,Female,Groceries,Chicago,7,434.65,10.0,Credit Card,2024-05-17,3042.55
365,1623,66.0,Male,Sports,Phoenix,3,293.64,10.0,Cash,2024-03-06,880.92
366,2016,35.0,Male,Clothing,Phoenix,7,360.42,0.0,Debit Card,2024-07-16,2522.94
367,4643,68.0,Male,Clothing,Houston,7,189.16,0.0,UPI,2024-11-23,1324.12
368,1880,63.0,Female,Sports,New York,2,50.76,5.0,Cash,2024-08-15,101.52
369,3049,28.0,Female,Clothing,New York,7,231.66,0.0,UPI,2024-10-07,1621.62
370,3944,21.0,Male,Home & Kitchen,Phoenix,1,200.27,5.0,Credit Card,2024-06-20,200.27
371,2327,23.0,Male,Electronics,Los Angeles,5,434.19,15.0,Credit Card,2024-11-11,2170.95
372,3301,19.0,Female,Groceries,Houston,9,125.78,10.0,Cash,2024-02-09,1132.02
373,4723,23.0,Female,Electronics,Houston,7,483.53,15.0,UPI,2024-01-07,3384.71
374,1452,47.0,Female,Groceries,Phoenix,7,479.28,0.0,Debit Card,2024-06-22,3354.96
375,4108,21.0,Female,Home & Kitchen,Phoenix,2,127.58,15.0,Debit Card,2024-05-30,255.16
376,2183,33.0,Male,Clothing,Los Angeles,8,177.29,0.0,Cash,2024-07-29,1418.32
377,4062,59.0,Male,Sports,Los Angeles,3,448.3,15.0,Cash,2024-10-28,1344.9
378,3056,19.0,Female,Home & Kitchen,New York,8,483.48,0.0,Cash,2024-03-26,3867.84
379,4304,57.0,Female,Electronics,Houston,3,224.5,0.0,UPI,2024-09-09,673.5
380,4170,31.0,Male,Sports,Houston,7,163.89,5.0,Debit Card,2024-01-21,1147.23
381,2682,24.0,Female,Clothing,Phoenix,2,265.42,15.0,Debit Card,2024-09-13,530.84
382,3863,48.0,Female,Home & Kitchen,New York,4,345.45,0.0,Debit Card,2024-02-02,1381.8
383,3255,44.0,Female,Sports,Houston,6,140.37,0.0,Cash,2024-09-16,842.22
384,2154,61.0,Female,Home & Kitchen,New York,9,369.55,15.0,Debit Card,2024-08-21,3325.9500000000003
385,1403,51.0,Male,Home & Kitchen,New York,5,30.57,0.0,Credit Card,2024-01-03,152.85
386,3199,56.0,Female,Clothing,Phoenix,9,29.4,0.0,Cash,2024-12-12,264.6
387,3101,31.0,Female,Groceries,New York,5,196.21,5.0,Debit Card,2024-11-03,981.05
388,4191,27.0,Female,Sports,Los Angeles,8,179.97,0.0,UPI,2024-08-14,1439.76
389,2696,52.0,Female,Clothing,Los Angeles,1,161.24,15.0,Cash,2024-10-10,161.24
390,4991,56.0,Female,Home & Kitchen,Chicago,7,248.05,10.0,Credit Card,2024-03-10,1736.35
391,1627,70.0,Male,Clothing,Phoenix,4,163.76,5.0,Credit Card,2024-11-08,655.04
392,1586,36.0,Female,Groceries,Chicago,5,100.17,0.0,UPI,2024-12-29,500.85
393,2648,35.0,Female,Sports,Los Angeles,6,158.19,5.0,UPI,2024-09-10,949.14
394,2443,54.0,Female,Groceries,Chicago,5,487.58,0.0,Cash,2024-05-23,2437.9
395,2445,33.0,Female,Electronics,Phoenix,1,208.5,0.0,Cash,2024-01-24,208.5
396,1103,65.0,Female,Sports,Phoenix,9,225.13,5.0,Credit Card,2024-08-21,2026.17
397,4923,60.0,Female,Groceries,New York,2,290.39,0.0,UPI,2024-11-28,580.78
398,1253,37.0,Female,Home & Kitchen,Houston,9,491.75,15.0,Cash,2024-06-23,4425.75
399,4298,52.0,Male,Sports,New York,2,124.59,10.0,Credit Card,2024-11-27,249.18
400,4183,52.0,Male,Sports,Phoenix,9,342.23,0.0,UPI,2024-11-20,3080.07
401,3557,23.0,Female,Clothing,Los Angeles,6,359.41,5.0,Credit Card,2024-12-22,2156.46
402,2496,63.0,Female,Home & Kitchen,Los Angeles,9,305.63,10.0,Debit Card,2024-06-07,2750.67
403,1098,39.0,Male,Electronics,New York,6,48.85,15.0,UPI,2024-12-13,293.1
404,3200,58.0,Male,Groceries,Phoenix,6,340.05,15.0,Cash,2024-12-13,2040.3
405,2884,33.0,Female,Clothing,Los Angeles,2,36.73,5.0,Cash,2024-10-12,73.46
406,3961,63.0,Male,Groceries,Phoenix,8,300.09,10.0,Debit Card,2024-01-18,2400.72
407,2919,35.0,Male,Electronics,Los Angeles,3,371.09,5.0,UPI,2024-02-13,1113.27
408,1877,18.0,Male,Electronics,Phoenix,7,109.43,5.0,Credit Card,2024-06-03,766.01
409,1337,63.0,Male,Sports,Chicago,5,421.6,0.0,Cash,2024-12-20,2108.0
410,4777,23.0,Male,Electronics,Phoenix,3,20.03,0.0,Debit Card,2024-08-18,60.09
411,3869,33.0,Male,Groceries,Phoenix,1,422.69,5.0,Debit Card,2024-11-11,422.69
412,4234,67.0,Male,Home & Kitchen,New York,8,232.86,0.0,UPI,2024-08-12,1862.88
413,4791,67.0,Female,Home & Kitchen,Chicago,3,112.71,0.0,UPI,2024-08-04,338.13
414,1956,42.0,Female,Sports,Houston,2,71.22,10.0,Cash,2024-02-25,142.44
415,2704,44.0,Female,Groceries,New York,1,476.89,0.0,Debit Card,2024-01-31,476.89
416,1160,38.0,Male,Groceries,Houston,4,40.97,5.0,Credit Card,2024-12-22,163.88
417,2603,39.0,Male,Electronics,Los Angeles,8,103.55,5.0,Debit Card,2024-02-28,828.4
418,3848,33.0,Female,Groceries,Houston,3,177.17,0.0,Credit Card,2024-12-18,531.51
419,1397,46.0,Male,Clothing,Phoenix,1,312.02,5.0,Credit Card,2024-08-22,312.02
420,2300,52.0,Female,Electronics,Houston,4,274.68,0.0,Cash,2024-04-16,1098.72
421,1815,55.0,Female,Clothing,New York,9,67.19,5.0,Debit Card,2024-07-09,604.71
422,4987,55.0,Female,Sports,New York,1,148.42,10.0,Credit Card,2024-01-18,148.42
423,2527,39.0,Male,Home & Kitchen,Houston,2,123.18,0.0,UPI,2024-08-13,246.36
424,2919,39.0,Male,Sports,New York,9,110.7,5.0,Credit Card,2024-06-15,996.3
425,2415,21.0,Female,Home & Kitchen,New York,2,208.52,0.0,UPI,2024-03-11,417.04
426,2158,41.0,Male,Sports,Houston,3,353.5,15.0,UPI,2024-12-27,1060.5
427,2218,39.0,Female,Groceries,Chicago,7,112.64,0.0,Debit Card,2024-02-23,788.48
428,1400,62.0,Female,Clothing,Chicago,3,186.51,5.0,UPI,2024-09-01,559.53
429,1639,34.0,Unknown,Home & Kitchen,Los Angeles,9,198.5,5.0,Credit Card,2024-12-15,1786.5
430,4104,24.0,Male,Electronics,New York,6,488.35,0.0,UPI,2024-03-16,2930.1000000000004
431,3735,25.0,Female,Clothing,Houston,3,477.56,0.0,Debit Card,2024-02-04,1432.68
432,1459,53.0,Female,Electronics,New York,9,401.07,0.0,Cash,2024-09-23,3609.63
433,1954,44.0,Male,Clothing,Phoenix,1,124.62,10.0,Credit Card,2024-11-12,124.62
434,4954,23.0,Male,Clothing,New York,3,38.68,15.0,Credit Card,2024-10-26,116.04
435,1469,22.0,Female,Sports,New York,1,161.87,0.0,Debit Card,2024-04-30,161.87
436,4446,39.0,Male,Home & Kitchen,Chicago,2,137.06,10.0,Debit Card,2024-11-19,274.12
437,2045,22.0,Male,Home & Kitchen,Houston,8,255.43,0.0,Debit Card,2024-01-25,2043.44
438,3797,57.0,Male,Clothing,New York,7,389.98,5.0,Debit Card,2024-06-08,2729.86
439,2693,49.0,Female,Groceries,Chicago,2,429.87,0.0,Credit Card,2024-03-24,859.74
440,3085,22.0,Female,Groceries,Los Angeles,2,423.21,15.0,Cash,2024-04-23,846.42
441,3277,22.0,Female,Electronics,Chicago,9,183.04,10.0,UPI,2024-08-10,1647.36
442,4436,70.0,Male,Electronics,Chicago,6,345.18,10.0,UPI,2024-06-14,2071.08
443,1562,35.0,Male,Sports,Chicago,5,159.85,10.0,Cash,2024-07-09,799.25
444,3485,35.0,Female,Clothing,New York,6,35.15,5.0,Cash,2024-06-23,210.9
445,2799,57.0,Female,Electronics,New York,9,352.27,0.0,Cash,2024-01-01,3170.43
446,4354,67.0,Male,Electronics,Los Angeles,7,9.86,10.0,Debit Card,2024-08-16,69.02
447,3074,69.0,Female,Clothing,Phoenix,9,207.55,15.0,Credit Card,2024-03-26,1867.95
448,1225,52.0,Unknown,Sports,Phoenix,4,168.04,5.0,Credit Card,2024-03-02,672.16
449,4348,35.0,Female,Electronics,Phoenix,2,348.22,0.0,Credit Card,2024-11-15,696.44
450,1797,22.0,Female,Sports,Los Angeles,8,384.29,5.0,Debit Card,2024-07-24,3074.32
451,4680,54.0,Unknown,Home & Kitchen,Phoenix,4,155.53,0.0,Credit Card,2024-04-14,622.12
452,3331,42.0,Male,Sports,Phoenix,9,406.76,5.0,Debit Card,2024-11-13,3660.84
453,3926,37.0,Female,Groceries,Chicago,4,150.49,5.0,Credit Card,2024-10-17,601.96
454,1959,64.0,Unknown,Groceries,New York,8,225.93,5.0,Cash,2024-09-06,1807.44
455,2504,39.0,Male,Sports,New York,9,364.87,0.0,UPI,2024-01-13,3283.83
456,1452,39.0,Female,Groceries,Chicago,9,348.0,0.0,UPI,2024-06-11,3132.0
457,4067,18.0,Female,Home & Kitchen,Chicago,4,493.75,5.0,Debit Card,2024-02-12,1975.0
458,4900,38.0,Female,Clothing,Chicago,1,116.45,0.0,Credit Card,2024-04-20,116.45
459,1815,21.0,Female,Groceries,New York,3,332.85,0.0,UPI,2024-07-23,998.55
460,1658,24.0,Other,Groceries,Phoenix,9,306.79,5.0,Cash,2024-09-12,2761.11
461,4587,24.0,Female,Sports,Chicago,4,457.97,10.0,Cash,2024-11-02,1831.88
462,1546,45.0,Male,Home & Kitchen,Los Angeles,5,82.4,5.0,Cash,2024-05-23,412.0
463,2215,52.0,Female,Clothing,Chicago,7,377.14,0.0,Debit Card,2024-05-25,2639.98
464,4120,43.0,Male,Sports,Houston,5,286.29,5.0,Debit Card,2024-10-27,1431.45
465,4583,68.0,Male,Sports,Chicago,4,140.96,0.0,Credit Card,2024-06-12,563.84
466,1016,39.0,Female,Home & Kitchen,New York,2,239.85,0.0,Cash,2024-06-17,479.7
467,4243,31.0,Female,Clothing,Chicago,2,170.22,0.0,Credit Card,2024-10-24,340.44
468,2243,61.0,Male,Home & Kitchen,Houston,4,291.76,0.0,Credit Card,2024-08-20,1167.04
469,3205,29.0,Other,Clothing,Los Angeles,9,445.06,0.0,Cash,2024-09-27,4005.54
470,3524,68.0,Female,Home & Kitchen,Phoenix,8,286.81,0.0,Credit Card,2024-02-29,2294.48
471,2069,18.0,Female,Sports,Chicago,3,317.7,10.0,UPI,2024-10-22,953.1
472,4444,68.0,Male,Sports,Houston,9,261.78,0.0,Debit Card,2024-08-22,2356.0199999999995
473,3565,20.0,Other,Electronics,Houston,5,30.33,0.0,Credit Card,2024-06-13,151.64999999999998
474,3146,62.0,Other,Groceries,Los Angeles,3,120.26,5.0,Cash,2024-07-12,360.78
475,4963,40.0,Female,Home & Kitchen,New York,5,248.54,0.0,Debit Card,2024-08-21,1242.7
476,2768,70.0,Male,Electronics,Chicago,4,158.57,0.0,Debit Card,2024-07-01,634.28
477,2060,22.0,Male,Groceries,Houston,8,94.97,10.0,Credit Card,2024-11-28,759.76
478,3327,41.0,Male,Home & Kitchen,Los Angeles,5,254.55,10.0,UPI,2024-08-19,1272.75
479,4420,68.0,Male,Clothing,Phoenix,8,164.79,15.0,Credit Card,2024-12-26,1318.32
480,3544,40.0,Male,Groceries,Houston,9,132.76,15.0,UPI,2024-04-16,1194.84
481,1301,44.0,Other,Sports,Los Angeles,4,234.67,10.0,Debit Card,2024-08-10,938.68
482,1180,48.0,Female,Electronics,New York,7,70.98,0.0,Credit Card,2024-03-20,496.86
483,1606,38.0,Male,Groceries,New York,2,464.23,10.0,Cash,2024-08-21,928.46
484,4170,39.0,Male,Groceries,Houston,6,434.51,10.0,Credit Card,2024-07-02,2607.06
485,1699,43.0,Male,Sports,Houston,8,355.27,10.0,UPI,2024-07-03,2842.16
486,1992,63.0,Male,Home & Kitchen,Chicago,7,57.58,5.0,UPI,2024-05-13,403.06
487,2139,20.0,Male,Clothing,Los Angeles,7,389.06,0.0,Credit Card,2024-08-07,2723.42
488,1190,31.0,Male,Sports,Houston,8,404.94,10.0,UPI,2024-10-14,3239.52
489,3300,67.0,Female,Clothing,Chicago,7,385.04,10.0,Debit Card,2024-12-29,2695.28
490,1980,62.0,Unknown,Home & Kitchen,Chicago,5,61.41,0.0,Credit Card,2024-07-20,307.04999999999995
491,3975,38.0,Male,Groceries,Houston,7,323.73,0.0,UPI,2024-05-25,2266.11
492,3006,44.0,Male,Clothing,New York,3,417.99,0.0,Credit Card,2024-11-19,1253.97
493,2184,31.0,Female,Electronics,Los Angeles,5,290.79,0.0,Credit Card,2024-05-06,1453.95
494,4327,28.0,Male,Electronics,Los Angeles,7,324.97,10.0,Cash,2024-05-14,2274.79
495,4394,38.0,Male,Sports,New York,9,231.89,0.0,Credit Card,2024-04-23,2087.01
496,1127,34.0,Female,Home & Kitchen,Houston,2,266.71,0.0,Cash,2024-09-20,533.42
497,3065,43.0,Male,Sports,Los Angeles,4,22.02,0.0,UPI,2024-03-04,88.08
498,2816,22.0,Female,Sports,Houston,7,321.29,0.0,Cash,2024-05-14,2249.03
499,2758,69.0,Female,Sports,Houston,1,45.32,10.0,Cash,2024-02-10,45.32
500,3613,69.0,Male,Electronics,Chicago,2,220.33,0.0,Cash,2024-10-22,440.66
501,1569,48.0,Male,Electronics,New York,9,149.86,10.0,Debit Card,2024-01-03,1348.7400000000002
502,2346,41.0,Female,Sports,Houston,7,274.99,5.0,Cash,2024-07-12,1924.93
503,2895,39.0,Male,Electronics,Phoenix,7,71.04,15.0,Credit Card,2024-04-19,497.28
504,3733,57.0,Male,Home & Kitchen,New York,6,347.36,15.0,Cash,2024-08-08,2084.16
505,4863,47.0,Female,Sports,Los Angeles,3,398.53,0.0,Credit Card,2024-01-04,1195.59
506,1625,27.0,Female,Electronics,Chicago,3,85.86,0.0,Cash,2024-08-31,257.58
507,4359,64.0,Male,Clothing,Los Angeles,2,56.63,0.0,Debit Card,2024-06-14,113.26
508,3901,57.0,Female,Sports,Los Angeles,6,77.03,10.0,UPI,2024-01-26,462.18
509,2686,67.0,Male,Sports,New York,4,439.18,15.0,Cash,2024-01-17,1756.72
510,4009,50.0,Female,Home & Kitchen,Los Angeles,5,266.45,5.0,Cash,2024-08-03,1332.25
511,4710,44.0,Female,Groceries,Houston,3,236.29,5.0,Debit Card,2024-04-01,708.87
512,1154,36.0,Female,Groceries,Los Angeles,6,57.82,0.0,Cash,2024-01-31,346.92
513,3537,65.0,Female,Home & Kitchen,Chicago,3,326.53,10.0,Credit Card,2024-07-23,979.59
514,2409,39.0,Unknown,Home & Kitchen,Chicago,8,434.66,0.0,Cash,2024-07-25,3477.28
515,1784,20.0,Male,Home & Kitchen,Phoenix,9,414.95,0.0,Cash,2024-04-16,3734.55
516,4175,39.0,Female,Groceries,Chicago,4,314.9,5.0,UPI,2024-05-25,1259.6
517,4464,35.0,Male,Home & Kitchen,Los Angeles,9,42.26,0.0,UPI,2024-04-10,380.34
518,4882,56.0,Male,Electronics,Chicago,7,60.64,5.0,Cash,2024-11-13,424.48
519,1245,70.0,Male,Sports,New York,3,29.41,5.0,Debit Card,2024-08-28,88.23
520,4247,26.0,Other,Sports,Chicago,7,132.45,0.0,UPI,2024-09-03,927.15
521,4110,43.0,Unknown,Clothing,Houston,1,72.15,5.0,Cash,2024-06-11,72.15
522,2500,35.0,Male,Clothing,New York,3,133.72,0.0,UPI,2024-06-21,401.16
523,2705,68.0,Male,Sports,Phoenix,6,195.6,5.0,Cash,2024-02-04,1173.6
524,3806,59.0,Female,Electronics,Houston,4,471.78,5.0,UPI,2024-10-10,1887.12
525,1537,58.0,Male,Groceries,Los Angeles,7,307.14,0.0,UPI,2024-12-24,2149.98
526,2890,38.0,Male,Groceries,Los Angeles,3,418.31,10.0,Credit Card,2024-12-23,1254.93
527,2841,36.0,Female,Electronics,Los Angeles,1,356.62,10.0,Cash,2024-01-21,356.62
528,1920,31.0,Female,Groceries,Houston,9,60.69,0.0,Cash,2024-11-03,546.21
529,3455,21.0,Unknown,Home & Kitchen,Houston,6,369.28,0.0,Cash,2024-06-11,2215.68
530,1524,60.0,Male,Sports,Houston,8,141.17,10.0,Cash,2024-04-06,1129.36
531,3875,57.0,Male,Sports,New York,3,321.36,0.0,UPI,2024-11-02,964.08
532,2529,70.0,Female,Electronics,New York,8,173.78,0.0,Credit Card,2024-12-04,1390.24
533,3950,70.0,Female,Groceries,Los Angeles,2,498.85,0.0,Credit Card,2024-02-24,997.7
534,4896,41.0,Female,Clothing,Chicago,4,135.46,0.0,Debit Card,2024-11-28,541.84
535,1035,53.0,Female,Clothing,Los Angeles,3,143.17,5.0,Cash,2024-05-06,429.51
536,1684,66.0,Male,Groceries,Phoenix,1,465.68,0.0,Debit Card,2024-07-11,465.68
537,1019,59.0,Female,Clothing,New York,7,17.2,0.0,UPI,2024-08-30,120.4
538,3368,30.0,Male,Electronics,Houston,2,349.86,10.0,Debit Card,2024-12-14,699.72
539,4847,38.0,Male,Electronics,New York,4,364.04,5.0,Cash,2024-03-28,1456.16
540,3559,25.0,Female,Groceries,Houston,9,419.01,0.0,Credit Card,2024-12-01,3771.09
541,1399,67.0,Male,Clothing,Phoenix,6,487.35,5.0,Credit Card,2024-08-02,2924.1000000000004
542,3701,43.0,Male,Electronics,Phoenix,8,487.92,5.0,Cash,2024-04-01,3903.36
543,1971,29.0,Female,Electronics,New York,2,37.31,0.0,UPI,2024-10-29,74.62
544,2906,46.0,Female,Home & Kitchen,Houston,7,411.81,0.0,Cash,2024-08-22,2882.67
545,3518,44.0,Female,Home & Kitchen,Phoenix,6,324.92,15.0,UPI,2024-07-02,1949.52
546,2166,34.0,Male,Electronics,Los Angeles,9,325.43,0.0,Credit Card,2024-02-07,2928.87
547,2115,24.0,Female,Groceries,Los Angeles,7,68.53,10.0,UPI,2024-05-18,479.71
548,4425,46.0,Male,Sports,Houston,1,326.84,15.0,Cash,2024-07-13,326.84
549,1833,39.0,Male,Sports,New York,8,491.33,0.0,Cash,2024-01-15,3930.64
550,2823,54.0,Unknown,Electronics,Phoenix,3,456.35,0.0,Cash,2024-09-13,1369.0500000000002
551,3774,40.0,Female,Electronics,New York,2,222.37,5.0,UPI,2024-05-14,444.74
552,2982,60.0,Female,Electronics,Los Angeles,3,24.77,15.0,UPI,2024-01-01,74.31
553,1853,41.0,Male,Groceries,Phoenix,6,184.34,15.0,UPI,2024-02-18,1106.04
554,1050,42.0,Female,Home & Kitchen,New York,3,414.06,10.0,Credit Card,2024-04-05,1242.18
555,4736,61.0,Female,Electronics,Chicago,5,352.24,0.0,Debit Card,2024-07-19,1761.2
556,4769,36.0,Female,Electronics,Houston,6,232.38,10.0,Debit Card,2024-01-26,1394.28
557,1574,25.0,Female,Clothing,Houston,8,32.28,5.0,Cash,2024-12-08,258.24
558,4261,19.0,Male,Groceries,Chicago,7,216.31,5.0,Credit Card,2024-08-22,1514.17
559,2148,52.0,Male,Electronics,Los Angeles,8,237.17,0.0,UPI,2024-12-14,1897.36
560,3197,44.0,Female,Clothing,Phoenix,3,464.63,0.0,Cash,2024-08-31,1393.89
561,3361,49.0,Male,Sports,Houston,4,322.34,10.0,Credit Card,2024-12-23,1289.36
562,3617,29.0,Male,Electronics,Chicago,6,159.27,5.0,Cash,2024-11-22,955.62
563,4413,25.0,Other,Electronics,Chicago,7,265.03,0.0,Credit Card,2024-12-16,1855.21
564,3352,18.0,Female,Clothing,Los Angeles,9,37.7,0.0,Credit Card,2024-02-20,339.3
565,2715,34.0,Female,Groceries,Los Angeles,1,486.42,15.0,Debit Card,2024-03-21,486.42
566,1681,43.0,Female,Electronics,New York,8,183.23,10.0,Cash,2024-02-05,1465.84
567,1837,35.0,Female,Sports,Houston,8,241.54,0.0,UPI,2024-03-07,1932.32
568,4854,37.0,Male,Electronics,New York,6,180.87,0.0,Debit Card,2024-05-08,1085.22
569,2077,63.0,Male,Sports,Chicago,4,342.84,0.0,Debit Card,2024-06-03,1371.36
570,4050,34.0,Male,Home & Kitchen,Phoenix,3,332.8,15.0,UPI,2024-09-01,998.4
571,3491,40.0,Male,Home & Kitchen,Phoenix,3,359.08,5.0,Credit Card,2024-04-20,1077.24
572,3660,54.0,Female,Sports,Los Angeles,6,137.73,5.0,UPI,2024-06-16,826.3799999999999
573,4040,36.0,Male,Groceries,Phoenix,8,161.26,5.0,Cash,2024-05-21,1290.08
574,3311,44.0,Female,Electronics,Phoenix,7,67.0,0.0,UPI,2024-12-21,469.0
575,4124,60.0,Male,Electronics,Phoenix,1,329.48,10.0,Credit Card,2024-07-15,329.48
576,2595,67.0,Male,Home & Kitchen,Chicago,6,24.7,5.0,UPI,2024-04-18,148.2
577,4051,39.0,Male,Sports,Phoenix,7,300.85,0.0,Credit Card,2024-03-19,2105.9500000000003
578,4691,65.0,Male,Electronics,Phoenix,7,435.5,0.0,Credit Card,2024-06-09,3048.5
579,1004,39.0,Male,Electronics,Phoenix,9,445.96,5.0,Cash,2024-01-19,4013.64
580,2126,30.0,Male,Groceries,New York,5,227.27,15.0,UPI,2024-05-06,1136.35
581,2219,38.0,Male,Clothing,Chicago,1,232.36,0.0,UPI,2024-07-23,232.36
582,1773,69.0,Female,Home & Kitchen,Los Angeles,2,43.1,15.0,Cash,2024-01-29,86.2
583,1876,39.0,Male,Home & Kitchen,New York,4,337.03,10.0,Credit Card,2024-07-25,1348.12
584,1991,33.0,Male,Clothing,Houston,5,411.52,0.0,UPI,2024-10-06,2057.6
585,3931,44.0,Female,Electronics,Chicago,9,126.1,0.0,Cash,2024-05-30,1134.9
586,4421,30.0,Male,Groceries,Chicago,1,213.54,0.0,Credit Card,2024-08-27,213.54
587,1046,22.0,Female,Groceries,Houston,3,420.23,10.0,Cash,2024-09-22,1260.69
588,3914,25.0,Female,Home & Kitchen,Houston,5,439.17,0.0,UPI,2024-06-30,2195.85
589,3870,25.0,Male,Groceries,Houston,3,125.37,0.0,Cash,2024-04-14,376.11
590,3983,26.0,Female,Clothing,Los Angeles,4,277.53,5.0,Debit Card,2024-08-23,1110.12
591,4891,25.0,Male,Electronics,Phoenix,3,100.28,10.0,Credit Card,2024-06-21,300.84000000000003
592,3703,45.0,Female,Clothing,Chicago,4,55.43,0.0,Debit Card,2024-06-06,221.72
593,1268,28.0,Male,Sports,Phoenix,1,456.0,5.0,Debit Card,2024-06-20,456.0
594,1369,34.0,Female,Home & Kitchen,Phoenix,8,411.15,5.0,Credit Card,2024-11-06,3289.2
595,1635,63.0,Male,Groceries,Houston,4,381.22,5.0,Credit Card,2024-06-05,1524.88
596,2129,38.0,Female,Sports,Los Angeles,7,29.14,10.0,Cash,2024-09-14,203.98
597,2693,46.0,Female,Groceries,New York,2,422.65,0.0,Credit Card,2024-06-12,845.3
598,2682,27.0,Male,Electronics,Los Angeles,2,221.83,10.0,Debit Card,2024-05-26,443.66
599,1656,28.0,Male,Electronics,Phoenix,6,174.49,10.0,Debit Card,2024-06-02,1046.94
600,1119,20.0,Female,Electronics,Los Angeles,2,275.51,5.0,UPI,2024-02-07,551.02
601,1830,27.0,Female,Groceries,Houston,6,50.22,10.0,Credit Card,2024-05-10,301.32
602,2810,31.0,Male,Sports,New York,2,379.54,5.0,Debit Card,2024-12-23,759.08
603,4675,27.0,Female,Electronics,Houston,4,293.31,0.0,UPI,2024-09-11,1173.24
604,2081,22.0,Unknown,Sports,New York,7,97.36,10.0,UPI,2024-07-26,681.52
605,2974,24.0,Female,Groceries,Phoenix,8,98.17,5.0,Cash,2024-04-04,785.36
606,2369,38.0,Male,Sports,New York,3,96.2,5.0,Debit Card,2024-12-13,288.6
607,1740,29.0,Female,Groceries,New York,9,33.22,0.0,Cash,2024-11-22,298.98
608,4545,34.0,Male,Groceries,New York,2,295.96,15.0,Debit Card,2024-06-19,591.92
609,1116,40.0,Unknown,Home & Kitchen,Los Angeles,8,420.97,5.0,Cash,2024-09-06,3367.76
610,2853,47.0,Female,Groceries,Los Angeles,8,13.66,0.0,Cash,2024-07-08,109.28
611,3838,20.0,Male,Groceries,Phoenix,4,29.26,5.0,Credit Card,2024-07-17,117.04
612,2150,56.0,Female,Clothing,New York,1,288.52,10.0,Cash,2024-08-08,288.52
613,4464,44.0,Male,Electronics,Chicago,1,410.65,10.0,Credit Card,2024-01-24,410.65
614,2931,22.0,Unknown,Home & Kitchen,Phoenix,2,166.74,5.0,UPI,2024-08-31,333.48
615,2012,61.0,Unknown,Home & Kitchen,New York,9,178.06,15.0,Debit Card,2024-11-19,1602.54
616,2664,65.0,Female,Home & Kitchen,New York,2,300.19,0.0,UPI,2024-05-07,600.38
617,2081,21.0,Male,Clothing,Los Angeles,2,140.74,5.0,Debit Card,2024-04-02,281.48
618,1633,31.0,Female,Groceries,Phoenix,6,18.17,15.0,UPI,2024-10-26,109.02
619,1512,56.0,Male,Electronics,New York,7,368.94,15.0,Debit Card,2024-05-12,2582.58
620,4822,52.0,Male,Sports,New York,7,314.7,10.0,Cash,2024-02-24,2202.9
621,3849,28.0,Female,Groceries,Phoenix,9,292.47,15.0,Debit Card,2024-06-06,2632.2300000000005
622,2119,29.0,Male,Clothing,Chicago,6,372.13,0.0,Debit Card,2024-01-29,2232.78
623,4709,35.0,Male,Groceries,Phoenix,8,339.24,15.0,UPI,2024-07-29,2713.92
624,2141,39.0,Unknown,Groceries,Phoenix,6,106.91,0.0,UPI,2024-06-02,641.46
625,1559,44.0,Male,Clothing,Chicago,2,179.48,0.0,UPI,2024-10-19,358.96
626,4672,35.0,Male,Home & Kitchen,Phoenix,1,67.42,0.0,Credit Card,2024-08-09,67.42
627,1487,38.0,Other,Home & Kitchen,New York,5,69.28,5.0,Credit Card,2024-04-24,346.4
628,4308,52.0,Male,Electronics,Phoenix,9,339.72,0.0,Debit Card,2024-06-06,3057.4800000000005
629,4956,20.0,Female,Electronics,Chicago,8,430.01,0.0,Debit Card,2024-09-15,3440.08
630,1896,30.0,Unknown,Home & Kitchen,Houston,4,481.55,0.0,Cash,2024-09-07,1926.2
631,4343,49.0,Other,Sports,Phoenix,5,316.03,0.0,Cash,2024-05-01,1580.15
632,2212,63.0,Female,Groceries,Los Angeles,5,96.13,5.0,Debit Card,2024-10-25,480.65
633,1703,40.0,Male,Sports,New York,6,57.3,5.0,Credit Card,2024-09-19,343.79999999999995
634,2470,41.0,Male,Groceries,New York,3,407.36,0.0,Debit Card,2024-02-18,1222.08
635,1580,23.0,Female,Home & Kitchen,Los Angeles,5,291.48,10.0,Cash,2024-11-24,1457.4
636,3837,37.0,Female,Electronics,Los Angeles,2,311.05,15.0,Credit Card,2024-10-23,622.1
637,3908,41.0,Female,Electronics,Phoenix,1,391.82,10.0,Credit Card,2024-12-27,391.82
638,3294,30.0,Male,Sports,Los Angeles,1,353.12,0.0,Cash,2024-03-17,353.12
639,4147,31.0,Male,Electronics,Houston,7,418.06,10.0,Debit Card,2024-05-06,2926.42
640,1153,35.0,Male,Home & Kitchen,Chicago,2,32.83,0.0,UPI,2024-07-15,65.66
641,2679,19.0,Female,Sports,Los Angeles,4,375.02,0.0,Debit Card,2024-08-08,1500.08
642,4506,33.0,Male,Groceries,Los Angeles,5,426.17,0.0,Debit Card,2024-03-31,2130.85
643,1996,29.0,Other,Electronics,Houston,7,146.64,10.0,Cash,2024-01-08,1026.48
644,4157,33.0,Female,Clothing,New York,2,322.02,0.0,Credit Card,2024-02-01,644.04
645,3744,24.0,Male,Electronics,New York,6,160.51,0.0,Cash,2024-11-15,963.06
646,4356,62.0,Female,Groceries,Phoenix,1,479.2,0.0,Debit Card,2024-09-25,479.2
647,2243,43.0,Male,Sports,Houston,7,21.54,15.0,UPI,2024-07-09,150.78
648,2092,47.0,Female,Groceries,Chicago,9,292.0,5.0,UPI,2024-12-14,2628.0
649,4118,55.0,Female,Clothing,Chicago,5,87.42,0.0,UPI,2024-06-11,437.1
650,2008,39.0,Female,Home & Kitchen,Houston,5,357.55,5.0,Cash,2024-03-01,1787.75
651,3141,39.0,Female,Electronics,Chicago,4,92.07,5.0,Credit Card,2024-09-20,368.28
652,2773,41.0,Male,Sports,New York,3,121.51,10.0,Cash,2024-10-11,364.53
653,1957,43.0,Male,Home & Kitchen,Chicago,9,249.71,0.0,UPI,2024-04-04,2247.39
654,4059,52.0,Female,Groceries,Chicago,5,457.84,15.0,Debit Card,2024-02-10,2289.2
655,1452,37.0,Male,Sports,Houston,8,109.8,0.0,Credit Card,2024-05-28,878.4
656,2227,25.0,Male,Home & Kitchen,Houston,9,76.4,10.0,Cash,2024-07-22,687.6
657,3959,31.0,Male,Sports,Chicago,5,380.69,0.0,Cash,2024-09-23,1903.45
658,3265,34.0,Female,Clothing,Los Angeles,9,252.81,0.0,Credit Card,2024-01-02,2275.29
659,3521,45.0,Male,Clothing,Houston,2,456.33,0.0,Credit Card,2024-06-26,912.66
660,3479,42.0,Female,Electronics,Phoenix,9,77.57,5.0,Debit Card,2024-07-12,698.1299999999999
661,3388,34.0,Unknown,Electronics,Phoenix,4,324.73,0.0,Credit Card,2024-12-01,1298.92
662,1550,69.0,Male,Clothing,New York,6,120.28,10.0,Debit Card,2024-07-14,721.6800000000001
663,2635,43.0,Male,Sports,Chicago,6,82.6,0.0,UPI,2024-12-08,495.6
664,2312,30.0,Male,Clothing,Los Angeles,6,343.3,10.0,UPI,2024-09-05,2059.8
665,4325,23.0,Female,Electronics,New York,2,298.87,10.0,Cash,2024-07-30,597.74
666,2757,26.0,Male,Clothing,Chicago,7,378.64,5.0,UPI,2024-06-01,2650.48
667,1356,30.0,Male,Clothing,Houston,6,158.18,10.0,UPI,2024-06-06,949.08
668,3070,26.0,Male,Sports,Phoenix,1,226.75,10.0,Debit Card,2024-12-27,226.75
669,2785,28.0,Female,Home & Kitchen,Los Angeles,2,205.71,0.0,Cash,2024-05-18,411.42
670,3569,31.0,Male,Electronics,Phoenix,7,492.12,10.0,Credit Card,2024-08-08,3444.84
671,2781,27.0,Female,Sports,Houston,1,149.66,0.0,Cash,2024-09-29,149.66
672,4908,63.0,Other,Clothing,Chicago,1,150.93,5.0,UPI,2024-06-02,150.93
673,4171,22.0,Male,Clothing,Houston,1,180.5,10.0,Credit Card,2024-09-05,180.5
674,3849,40.0,Female,Home & Kitchen,Houston,8,284.47,0.0,Cash,2024-10-05,2275.76
675,4251,36.0,Male,Electronics,Phoenix,4,129.9,0.0,Cash,2024-10-30,519.6
676,4294,69.0,Female,Electronics,Los Angeles,4,458.07,5.0,Cash,2024-10-02,1832.28
677,4977,24.0,Female,Groceries,Houston,2,136.51,10.0,Cash,2024-01-02,273.02
678,3809,36.0,Female,Electronics,Phoenix,1,448.43,15.0,Debit Card,2024-03-28,448.43
679,4730,68.0,Male,Home & Kitchen,Los Angeles,9,56.22,5.0,Cash,2024-10-13,505.98
680,3489,61.0,Male,Groceries,Chicago,7,330.0,10.0,UPI,2024-05-09,2310.0
681,2631,57.0,Male,Groceries,Chicago,4,453.96,15.0,UPI,2024-03-18,1815.84
682,3816,30.0,Male,Clothing,New York,6,88.53,0.0,Debit Card,2024-09-16,531.1800000000001
683,2015,27.0,Male,Clothing,Phoenix,2,484.32,0.0,Credit Card,2024-08-28,968.64
684,2348,46.0,Male,Electronics,Los Angeles,7,229.18,10.0,Credit Card,2024-05-20,1604.26
685,1515,65.0,Male,Groceries,Houston,2,473.13,10.0,UPI,2024-08-15,946.26
686,4087,42.0,Male,Clothing,Chicago,8,340.03,15.0,UPI,2024-06-11,2720.24
687,3839,42.0,Female,Home & Kitchen,Los Angeles,8,154.29,5.0,Debit Card,2024-08-23,1234.32
688,1335,31.0,Female,Clothing,Phoenix,1,98.21,0.0,Credit Card,2024-05-07,98.21
689,2782,53.0,Male,Clothing,New York,8,155.35,5.0,Credit Card,2024-07-18,1242.8
690,3305,28.0,Male,Groceries,Chicago,2,51.04,0.0,Cash,2024-01-31,102.08
691,1496,33.0,Male,Groceries,Los Angeles,6,76.21,0.0,Cash,2024-05-17,457.26
692,1895,37.0,Unknown,Sports,Los Angeles,1,56.81,10.0,Cash,2024-01-21,56.81
693,3207,40.0,Male,Home & Kitchen,Los Angeles,5,214.36,0.0,Debit Card,2024-08-21,1071.8000000000002
694,4546,30.0,Female,Groceries,Phoenix,7,398.81,10.0,UPI,2024-07-20,2791.67
695,1851,24.0,Unknown,Electronics,Phoenix,1,74.98,5.0,Debit Card,2024-10-05,74.98
696,2687,44.0,Female,Home & Kitchen,Phoenix,2,69.51,5.0,Credit Card,2024-05-10,139.02
697,2931,39.0,Female,Home & Kitchen,Houston,7,323.5,0.0,UPI,2024-05-27,2264.5
698,3737,42.0,Female,Groceries,Los Angeles,6,102.61,0.0,Cash,2024-01-29,615.66
699,4746,26.0,Unknown,Home & Kitchen,Chicago,3,53.32,0.0,Debit Card,2024-12-26,159.96
700,3427,39.0,Female,Groceries,Phoenix,2,87.59,0.0,Debit Card,2024-11-03,175.18
701,2568,41.0,Female,Clothing,Phoenix,4,462.25,10.0,Cash,2024-06-10,1849.0
702,1956,20.0,Female,Sports,Los Angeles,3,411.63,5.0,Debit Card,2024-12-22,1234.89
703,3738,33.0,Female,Clothing,Phoenix,7,180.26,0.0,Cash,2024-12-05,1261.82
704,4498,25.0,Female,Groceries,Houston,8,329.63,15.0,Credit Card,2024-03-01,2637.04
705,2636,21.0,Male,Groceries,Houston,2,270.95,0.0,UPI,2024-05-04,541.9
706,2291,70.0,Male,Clothing,Phoenix,7,340.18,0.0,Credit Card,2024-03-11,2381.26
707,4906,33.0,Male,Electronics,Los Angeles,8,342.92,5.0,Credit Card,2024-11-21,2743.36
708,4648,56.0,Male,Electronics,Los Angeles,6,316.22,15.0,Cash,2024-12-29,1897.32
709,2440,30.0,Male,Electronics,Los Angeles,6,136.72,0.0,Debit Card,2024-08-30,820.3199999999999
710,2191,47.0,Male,Groceries,New York,1,24.31,0.0,Credit Card,2024-09-05,24.31
711,4913,53.0,Female,Home & Kitchen,Phoenix,4,230.51,15.0,Credit Card,2024-08-08,922.04
712,2066,43.0,Male,Groceries,Los Angeles,1,446.03,0.0,Credit Card,2024-01-21,446.03
713,4627,38.0,Female,Home & Kitchen,Houston,4,286.9,0.0,Debit Card,2024-03-22,1147.6
714,1284,36.0,Male,Clothing,Chicago,2,417.03,5.0,Debit Card,2024-12-09,834.06
715,3444,34.0,Male,Sports,Chicago,5,495.85,15.0,Cash,2024-01-10,2479.25
716,1011,65.0,Female,Home & Kitchen,Los Angeles,9,85.99,5.0,Credit Card,2024-01-12,773.91
717,2630,58.0,Female,Electronics,Chicago,3,347.43,0.0,UPI,2024-09-19,1042.29
718,4373,68.0,Male,Groceries,Chicago,8,338.78,10.0,Debit Card,2024-05-24,2710.24
719,4969,24.0,Female,Clothing,New York,3,490.08,0.0,Cash,2024-07-10,1470.24
720,4324,50.0,Female,Electronics,Houston,6,492.87,0.0,Credit Card,2024-09-06,2957.2200000000003
721,3546,66.0,Male,Clothing,Houston,4,344.91,5.0,UPI,2024-04-23,1379.64
722,1753,28.0,Male,Sports,New York,8,125.59,0.0,Debit Card,2024-01-26,1004.72
723,3082,21.0,Unknown,Groceries,New York,6,400.29,5.0,UPI,2024-09-27,2401.74
724,3774,51.0,Female,Groceries,Chicago,8,57.98,0.0,Debit Card,2024-02-02,463.84
725,3896,42.0,Female,Sports,Phoenix,1,391.45,0.0,Cash,2024-03-02,391.45
726,1089,59.0,Female,Groceries,Chicago,6,455.55,0.0,UPI,2024-08-16,2733.3
727,1775,25.0,Male,Home & Kitchen,New York,1,194.5,5.0,Credit Card,2024-10-29,194.5
728,3652,55.0,Male,Clothing,Houston,1,317.16,10.0,Credit Card,2024-04-04,317.16
729,4993,28.0,Male,Electronics,Chicago,8,217.92,5.0,Debit Card,2024-02-04,1743.36
730,4017,27.0,Female,Sports,Phoenix,7,221.69,0.0,Credit Card,2024-07-11,1551.83
731,2625,27.0,Female,Home & Kitchen,Chicago,3,158.63,0.0,UPI,2024-03-16,475.89
732,4069,57.0,Female,Electronics,Los Angeles,6,382.25,0.0,Cash,2024-09-05,2293.5
733,1417,46.0,Male,Electronics,Chicago,9,468.41,0.0,Debit Card,2024-03-23,4215.6900000000005
734,1114,40.0,Male,Sports,New York,7,470.67,0.0,UPI,2024-01-25,3294.69
735,1616,34.0,Female,Home & Kitchen,Houston,3,91.52,0.0,Debit Card,2024-02-26,274.56
736,4974,61.0,Female,Electronics,Houston,6,438.0,10.0,Cash,2024-02-01,2628.0
737,4267,35.0,Female,Electronics,New York,4,370.03,15.0,Debit Card,2024-11-14,1480.12
738,1825,57.0,Male,Home & Kitchen,Los Angeles,3,130.15,0.0,Credit Card,2024-01-12,390.4500000000001
739,4572,37.0,Female,Groceries,New York,9,38.31,0.0,Credit Card,2024-11-14,344.79
740,2649,35.0,Male,Electronics,Chicago,2,137.66,15.0,Debit Card,2024-11-28,275.32
741,2516,38.0,Unknown,Clothing,New York,1,456.54,0.0,Cash,2024-04-01,456.54
742,4146,32.0,Male,Home & Kitchen,New York,2,318.42,0.0,Cash,2024-01-01,636.84
743,1412,52.0,Female,Electronics,Los Angeles,7,361.92,15.0,Credit Card,2024-11-21,2533.44
744,4447,39.0,Male,Sports,Chicago,1,132.29,5.0,Cash,2024-05-15,132.29
745,4491,29.0,Other,Clothing,Phoenix,6,361.1,0.0,Debit Card,2024-07-14,2166.6000000000004
746,1728,63.0,Female,Electronics,Phoenix,7,18.92,5.0,UPI,2024-05-12,132.44
747,4348,39.0,Male,Clothing,Houston,9,190.78,0.0,Debit Card,2024-03-26,1717.02
748,4068,41.0,Male,Clothing,New York,8,315.24,10.0,Credit Card,2024-10-21,2521.92
749,3808,64.0,Male,Groceries,Houston,6,77.32,5.0,Credit Card,2024-10-05,463.92
750,1675,44.0,Male,Clothing,Los Angeles,3,412.39,0.0,Credit Card,2024-11-19,1237.17
751,4465,24.0,Other,Groceries,Phoenix,8,121.34,0.0,Cash,2024-06-28,970.72
752,2892,66.0,Male,Home & Kitchen,New York,7,327.88,0.0,Debit Card,2024-01-04,2295.16
753,3504,39.0,Female,Groceries,Los Angeles,3,205.57,5.0,UPI,2024-05-05,616.71
754,3967,33.0,Female,Sports,Los Angeles,9,300.04,5.0,Debit Card,2024-06-23,2700.36
755,3239,25.0,Female,Electronics,New York,2,58.19,0.0,UPI,2024-09-07,116.38
756,3786,55.0,Male,Home & Kitchen,Los Angeles,3,13.37,10.0,Debit Card,2024-01-21,40.11
757,4760,44.0,Male,Home & Kitchen,New York,2,455.23,15.0,Credit Card,2024-04-14,910.46
758,2122,41.0,Female,Sports,New York,1,138.47,15.0,UPI,2024-03-06,138.47
759,2571,63.0,Unknown,Groceries,Chicago,4,410.74,10.0,Debit Card,2024-09-19,1642.96
760,1977,55.0,Male,Electronics,Houston,5,499.68,15.0,Cash,2024-02-18,2498.4
761,2008,26.0,Male,Groceries,Los Angeles,6,109.66,5.0,Cash,2024-01-16,657.96
762,3143,32.0,Female,Clothing,Los Angeles,5,136.26,10.0,Debit Card,2024-05-24,681.3
763,2687,30.0,Unknown,Groceries,Chicago,1,333.12,0.0,Credit Card,2024-12-05,333.12
764,3710,51.0,Male,Home & Kitchen,Chicago,3,482.9,0.0,UPI,2024-09-06,1448.6999999999998
765,4261,19.0,Male,Electronics,Chicago,1,458.33,0.0,Debit Card,2024-12-08,458.33
766,4807,42.0,Female,Groceries,Phoenix,5,253.92,5.0,Cash,2024-12-19,1269.6
767,1036,53.0,Male,Electronics,Phoenix,5,398.58,0.0,UPI,2024-03-15,1992.9
768,4851,61.0,Male,Electronics,Phoenix,6,72.19,0.0,Cash,2024-10-16,433.14
769,4440,34.0,Female,Clothing,New York,8,488.83,0.0,Cash,2024-10-08,3910.64
770,4766,57.0,Other,Clothing,Los Angeles,1,482.35,0.0,Debit Card,2024-03-06,482.35
771,2548,24.0,Male,Home & Kitchen,Houston,4,86.05,5.0,Cash,2024-05-04,344.2
772,3326,59.0,Female,Sports,New York,1,153.21,0.0,UPI,2024-11-14,153.21
773,3264,25.0,Female,Electronics,Los Angeles,9,54.58,0.0,Credit Card,2024-03-27,491.22
774,3914,36.0,Female,Sports,Los Angeles,7,139.5,0.0,Debit Card,2024-02-10,976.5
775,1872,55.0,Female,Home & Kitchen,Chicago,7,408.9,5.0,UPI,2024-07-04,2862.3
776,2821,26.0,Female,Electronics,Chicago,5,192.27,5.0,Debit Card,2024-12-19,961.35
777,2296,29.0,Male,Electronics,New York,7,48.76,10.0,Cash,2024-11-30,341.32
778,4952,50.0,Female,Sports,Chicago,2,174.4,10.0,Cash,2024-09-22,348.8
779,3109,50.0,Female,Groceries,Los Angeles,4,490.78,5.0,UPI,2024-09-27,1963.12
780,1595,45.0,Female,Clothing,Chicago,7,316.69,0.0,UPI,2024-02-11,2216.83
781,2903,39.0,Female,Groceries,Phoenix,3,211.0,0.0,Credit Card,2024-04-02,633.0
782,1728,41.0,Male,Sports,Chicago,2,87.44,10.0,UPI,2024-07-03,174.88
783,2365,30.0,Female,Clothing,Los Angeles,2,493.16,0.0,UPI,2024-08-02,986.32
784,1396,34.0,Female,Groceries,New York,1,411.32,0.0,Debit Card,2024-01-17,411.32
785,1698,28.0,Male,Clothing,Houston,5,144.33,10.0,Cash,2024-09-21,721.6500000000001
786,4090,64.0,Female,Electronics,Chicago,6,39.68,5.0,UPI,2024-04-23,238.08
787,3224,43.0,Male,Groceries,Los Angeles,6,33.03,0.0,Credit Card,2024-10-18,198.18
788,2635,36.0,Male,Clothing,Houston,9,64.59,0.0,UPI,2024-10-18,581.3100000000001
789,1395,38.0,Male,Clothing,Houston,4,292.48,15.0,Cash,2024-02-17,1169.92
790,3492,67.0,Male,Clothing,Phoenix,1,464.74,15.0,UPI,2024-11-02,464.74
791,4304,26.0,Male,Groceries,Houston,6,250.89,10.0,Debit Card,2024-04-06,1505.34
792,4986,43.0,Female,Home & Kitchen,Los Angeles,5,422.26,5.0,Cash,2024-04-04,2111.3
793,1075,40.0,Male,Groceries,Los Angeles,6,225.71,5.0,UPI,2024-11-21,1354.26
794,1264,44.0,Female,Sports,Chicago,3,355.75,0.0,Debit Card,2024-03-14,1067.25
795,3502,39.0,Female,Groceries,Chicago,2,367.28,0.0,Cash,2024-12-01,734.56
796,2819,61.0,Female,Clothing,Chicago,6,91.11,0.0,UPI,2024-03-08,546.66
797,1717,65.0,Female,Electronics,Houston,1,183.8,10.0,Debit Card,2024-09-02,183.8
798,3782,42.0,Male,Groceries,Houston,7,320.46,0.0,Credit Card,2024-03-17,2243.22
799,4455,48.0,Female,Groceries,Phoenix,7,39.99,0.0,Debit Card,2024-07-26,279.93
800,4635,39.0,Male,Clothing,Chicago,7,183.96,10.0,Credit Card,2024-09-10,1287.72
801,1850,49.0,Female,Electronics,New York,1,269.73,5.0,UPI,2024-08-08,269.73
802,4577,26.0,Other,Electronics,Phoenix,4,498.13,15.0,Debit Card,2024-09-18,1992.52
803,2390,42.0,Male,Sports,New York,7,239.89,0.0,Credit Card,2024-11-26,1679.23
804,1143,43.0,Male,Groceries,Houston,9,408.95,5.0,Cash,2024-12-09,3680.55
805,1884,37.0,Female,Electronics,Phoenix,5,218.87,15.0,Debit Card,2024-09-15,1094.35
806,4140,51.0,Female,Electronics,Phoenix,2,399.21,15.0,UPI,2024-11-03,798.42
807,4170,66.0,Female,Home & Kitchen,Los Angeles,7,299.73,0.0,Cash,2024-03-14,2098.11
808,1395,65.0,Male,Home & Kitchen,Houston,1,443.86,0.0,Credit Card,2024-05-04,443.86
809,4096,38.0,Female,Electronics,Houston,7,208.42,5.0,Debit Card,2024-07-06,1458.9399999999998
810,3995,24.0,Male,Sports,Phoenix,6,304.13,0.0,Debit Card,2024-09-10,1824.78
811,3938,69.0,Female,Electronics,Houston,7,316.86,0.0,UPI,2024-11-16,2218.02
812,2492,59.0,Unknown,Clothing,Phoenix,3,211.6,15.0,Cash,2024-11-03,634.8
813,4555,24.0,Female,Groceries,Los Angeles,3,76.43,0.0,Debit Card,2024-08-22,229.29
814,4636,39.0,Female,Sports,Phoenix,7,51.31,0.0,Debit Card,2024-09-06,359.17
815,4222,61.0,Male,Clothing,Houston,2,13.25,0.0,Cash,2024-11-27,26.5
816,2167,40.0,Female,Sports,Houston,1,437.4,15.0,Debit Card,2024-12-10,437.4
817,3616,43.0,Female,Clothing,Phoenix,9,122.06,0.0,Cash,2024-03-12,1098.54
818,2062,36.0,Male,Groceries,Phoenix,9,109.7,5.0,Cash,2024-08-22,987.3
819,3156,21.0,Female,Groceries,Phoenix,7,369.34,5.0,Cash,2024-11-19,2585.38
820,4764,33.0,Male,Home & Kitchen,Chicago,7,163.41,5.0,UPI,2024-06-04,1143.87
821,2065,56.0,Female,Clothing,Houston,3,255.49,0.0,Cash,2024-04-24,766.47
822,2209,18.0,Female,Home & Kitchen,Houston,2,85.44,0.0,Cash,2024-11-08,170.88
823,3982,33.0,Female,Clothing,Chicago,7,480.07,15.0,Credit Card,2024-08-15,3360.49
824,3445,36.0,Male,Home & Kitchen,Phoenix,9,426.53,15.0,Credit Card,2024-11-17,3838.77
825,4294,41.0,Female,Groceries,Los Angeles,1,432.58,10.0,UPI,2024-12-11,432.58
826,1633,65.0,Female,Sports,Phoenix,4,206.35,0.0,Cash,2024-09-01,825.4
827,2156,39.0,Other,Home & Kitchen,Phoenix,6,382.37,0.0,Credit Card,2024-11-01,2294.2200000000003
828,4234,34.0,Male,Clothing,Chicago,7,76.22,5.0,Credit Card,2024-01-14,533.54
829,2238,51.0,Male,Clothing,Houston,7,9.27,0.0,Debit Card,2024-01-16,64.89
830,1732,38.0,Female,Groceries,Phoenix,2,14.89,15.0,Cash,2024-02-11,29.78
831,1234,29.0,Male,Clothing,Houston,4,295.37,5.0,Credit Card,2024-04-19,1181.48
832,4914,38.0,Female,Electronics,New York,5,230.42,0.0,UPI,2024-10-04,1152.1
833,3705,25.0,Female,Sports,Houston,1,261.42,15.0,Debit Card,2024-11-19,261.42
834,1750,27.0,Female,Home & Kitchen,Los Angeles,1,8.69,0.0,Debit Card,2024-01-19,8.69
835,3635,39.0,Female,Sports,Los Angeles,3,214.23,0.0,Cash,2024-03-06,642.6899999999999
836,4080,36.0,Female,Groceries,Phoenix,3,360.44,5.0,Cash,2024-06-15,1081.32
837,4145,64.0,Male,Home & Kitchen,Houston,8,224.13,0.0,Debit Card,2024-03-13,1793.04
838,1953,34.0,Male,Home & Kitchen,Phoenix,9,367.45,0.0,UPI,2024-11-05,3307.05
839,3539,42.0,Male,Electronics,Chicago,1,120.34,0.0,Cash,2024-04-21,120.34
840,3960,44.0,Male,Groceries,Los Angeles,2,407.51,5.0,Cash,2024-09-30,815.02
841,4324,18.0,Female,Clothing,Phoenix,2,296.27,0.0,Debit Card,2024-03-25,592.54
842,4301,45.0,Female,Electronics,Chicago,4,109.33,5.0,Debit Card,2024-05-18,437.32
843,2542,27.0,Female,Electronics,Phoenix,2,122.18,0.0,Cash,2024-02-08,244.36
844,2197,68.0,Female,Sports,Houston,7,315.88,5.0,Credit Card,2024-04-14,2211.16
845,2676,26.0,Unknown,Sports,Houston,9,415.82,0.0,Cash,2024-11-19,3742.38
846,2191,36.0,Female,Sports,Houston,7,210.74,15.0,Credit Card,2024-10-07,1475.18
847,3217,22.0,Female,Electronics,Houston,6,132.86,5.0,Debit Card,2024-05-02,797.1600000000001
848,2416,70.0,Female,Clothing,New York,1,434.17,0.0,Credit Card,2024-08-05,434.17
849,3993,39.0,Male,Home & Kitchen,Chicago,9,336.29,0.0,UPI,2024-03-01,3026.61
850,3842,43.0,Male,Sports,Chicago,5,226.8,10.0,Debit Card,2024-04-09,1134.0
851,3681,21.0,Male,Clothing,Houston,5,246.51,0.0,Cash,2024-11-02,1232.55
852,2217,52.0,Other,Groceries,New York,6,106.11,10.0,Cash,2024-12-19,636.66
853,2540,29.0,Female,Sports,Houston,9,315.27,0.0,Debit Card,2024-07-22,2837.43
854,3076,63.0,Male,Home & Kitchen,New York,8,182.58,0.0,Debit Card,2024-09-14,1460.64
855,4236,28.0,Female,Groceries,Houston,8,497.84,5.0,UPI,2024-01-05,3982.72
856,2445,28.0,Female,Groceries,Los Angeles,8,242.69,15.0,Debit Card,2024-07-15,1941.52
857,3386,20.0,Male,Home & Kitchen,Los Angeles,1,245.51,15.0,Cash,2024-06-28,245.51
858,4719,38.0,Male,Sports,Phoenix,1,285.1,0.0,UPI,2024-12-07,285.1
859,2519,42.0,Female,Electronics,Houston,8,458.79,0.0,Cash,2024-05-12,3670.32
860,2388,21.0,Male,Home & Kitchen,Chicago,5,401.4,0.0,Credit Card,2024-11-19,2007.0
861,2856,54.0,Male,Home & Kitchen,Phoenix,9,228.31,5.0,Debit Card,2024-09-09,2054.79
862,2365,38.0,Female,Home & Kitchen,Los Angeles,2,360.76,5.0,Credit Card,2024-09-21,721.52
863,1499,40.0,Female,Groceries,Houston,9,295.19,15.0,Cash,2024-04-02,2656.71
864,2680,37.0,Female,Clothing,Phoenix,8,248.72,15.0,Credit Card,2024-05-29,1989.76
865,1510,36.0,Male,Electronics,Houston,9,100.2,0.0,Credit Card,2024-05-17,901.8
866,4398,42.0,Male,Sports,Los Angeles,4,234.65,5.0,Cash,2024-07-26,938.6
867,1216,39.0,Female,Sports,Phoenix,1,126.68,15.0,Cash,2024-05-04,126.68
868,2324,28.0,Female,Clothing,Los Angeles,1,457.85,10.0,Debit Card,2024-08-21,457.85
869,2155,60.0,Female,Home & Kitchen,New York,5,171.03,0.0,Credit Card,2024-03-01,855.15
870,2827,66.0,Male,Electronics,Los Angeles,2,476.37,0.0,UPI,2024-11-02,952.74
871,4141,35.0,Female,Sports,Houston,8,268.86,5.0,UPI,2024-09-22,2150.88
872,4323,31.0,Male,Sports,Chicago,5,317.61,0.0,Cash,2024-05-13,1588.0500000000002
873,4486,45.0,Male,Home & Kitchen,Los Angeles,5,273.76,0.0,Cash,2024-11-13,1368.8
874,2810,36.0,Male,Clothing,Chicago,2,69.04,0.0,Credit Card,2024-04-22,138.08
875,3492,19.0,Male,Electronics,New York,7,191.03,5.0,Cash,2024-07-09,1337.21
876,3923,26.0,Female,Clothing,Phoenix,8,54.08,0.0,UPI,2024-07-05,432.64
877,2205,49.0,Female,Clothing,Phoenix,1,313.36,0.0,Debit Card,2024-11-14,313.36
878,3214,45.0,Male,Electronics,Chicago,2,226.2,0.0,Debit Card,2024-03-29,452.4
879,1090,19.0,Female,Electronics,Phoenix,4,390.1,10.0,Credit Card,2024-07-05,1560.4
880,1713,29.0,Male,Sports,Los Angeles,5,114.13,15.0,Debit Card,2024-11-02,570.65
881,2881,29.0,Female,Sports,Chicago,2,86.46,5.0,Cash,2024-05-11,172.92
882,4602,46.0,Other,Electronics,Houston,1,206.13,5.0,Cash,2024-12-25,206.13
883,1038,19.0,Male,Groceries,Los Angeles,9,463.66,0.0,Cash,2024-05-02,4172.9400000000005
884,4197,23.0,Female,Sports,Los Angeles,1,356.66,0.0,Cash,2024-02-17,356.66
885,4522,56.0,Male,Groceries,Los Angeles,4,212.37,0.0,Credit Card,2024-10-14,849.48
886,1172,27.0,Male,Electronics,Houston,2,261.05,0.0,Debit Card,2024-06-27,522.1
887,1652,39.0,Male,Sports,New York,4,46.69,0.0,UPI,2024-06-28,186.76
888,1753,30.0,Female,Clothing,Phoenix,8,492.37,0.0,Debit Card,2024-04-08,3938.96
889,2243,23.0,Female,Electronics,Chicago,8,334.87,15.0,Cash,2024-11-25,2678.96
890,4709,30.0,Male,Home & Kitchen,New York,9,146.28,5.0,UPI,2024-02-03,1316.52
891,2081,50.0,Female,Groceries,Chicago,5,294.98,5.0,Credit Card,2024-03-10,1474.9
892,2683,60.0,Female,Electronics,Phoenix,7,59.19,15.0,Cash,2024-06-19,414.33
893,3523,58.0,Female,Electronics,Houston,3,483.09,0.0,Cash,2024-09-28,1449.27
894,1455,36.0,Female,Sports,Los Angeles,4,91.52,0.0,UPI,2024-02-28,366.08
895,1828,46.0,Female,Sports,Los Angeles,9,325.78,5.0,Credit Card,2024-06-29,2932.0199999999995
896,1894,28.0,Male,Sports,Houston,1,126.5,5.0,UPI,2024-01-19,126.5
897,2384,32.0,Male,Home & Kitchen,New York,2,360.19,0.0,Credit Card,2024-08-13,720.38
898,2958,63.0,Unknown,Sports,New York,5,389.53,5.0,Cash,2024-04-04,1947.65
899,4072,18.0,Male,Electronics,Chicago,3,338.34,5.0,Debit Card,2024-10-23,1015.02
900,3434,22.0,Unknown,Sports,Houston,2,309.18,10.0,Cash,2024-03-21,618.36
901,2996,29.0,Female,Clothing,New York,1,446.77,5.0,Debit Card,2024-06-23,446.77
902,3395,39.0,Male,Sports,Houston,3,43.92,0.0,Debit Card,2024-08-09,131.76
903,1189,28.0,Male,Home & Kitchen,Phoenix,1,168.8,0.0,Credit Card,2024-04-12,168.8
904,1504,39.0,Male,Clothing,Los Angeles,1,127.9,5.0,UPI,2024-02-23,127.9
905,2214,36.0,Other,Electronics,Los Angeles,1,494.07,0.0,Credit Card,2024-07-01,494.07
906,2531,63.0,Male,Electronics,Los Angeles,8,197.75,15.0,Cash,2024-12-16,1582.0
907,4440,57.0,Male,Groceries,Houston,3,367.64,5.0,UPI,2024-11-13,1102.92
908,4480,34.0,Male,Clothing,Houston,1,343.94,0.0,Debit Card,2024-12-20,343.94
909,1823,30.0,Male,Groceries,Chicago,7,109.98,10.0,Debit Card,2024-12-14,769.86
910,1928,35.0,Female,Clothing,Los Angeles,3,123.3,5.0,Cash,2024-11-16,369.9
911,1933,43.0,Male,Clothing,Chicago,8,144.24,0.0,UPI,2024-03-08,1153.92
912,2140,31.0,Female,Home & Kitchen,Los Angeles,4,208.51,10.0,Cash,2024-01-28,834.04
913,1133,44.0,Male,Groceries,Chicago,4,120.99,15.0,Cash,2024-09-30,483.96
914,3105,36.0,Male,Home & Kitchen,Chicago,5,14.73,10.0,Credit Card,2024-10-08,73.65
915,4627,41.0,Female,Clothing,Phoenix,6,440.3,0.0,Cash,2024-12-25,2641.8
916,1684,37.0,Male,Electronics,Chicago,7,482.98,5.0,UPI,2024-11-06,3380.86
917,3719,32.0,Unknown,Clothing,Houston,4,174.08,10.0,Cash,2024-04-28,696.32
918,3220,67.0,Female,Home & Kitchen,Chicago,8,172.56,0.0,UPI,2024-05-13,1380.48
919,2852,53.0,Male,Groceries,Los Angeles,6,8.51,0.0,Debit Card,2024-05-08,51.06
920,1814,25.0,Female,Groceries,Chicago,1,341.72,15.0,Cash,2024-01-08,341.72
921,2172,61.0,Male,Home & Kitchen,New York,1,413.59,0.0,UPI,2024-02-20,413.59
922,1079,39.0,Male,Groceries,Los Angeles,9,77.57,10.0,Debit Card,2024-12-06,698.1299999999999
923,3933,63.0,Unknown,Sports,New York,6,84.03,5.0,UPI,2024-10-07,504.18
924,4284,56.0,Female,Electronics,Los Angeles,8,396.09,5.0,Debit Card,2024-06-23,3168.72
925,1202,37.0,Unknown,Electronics,Houston,7,310.06,0.0,Credit Card,2024-07-01,2170.42
926,3811,19.0,Female,Electronics,Houston,6,27.21,10.0,Cash,2024-07-10,163.26
927,2252,31.0,Female,Groceries,Houston,4,313.16,0.0,Cash,2024-09-05,1252.64
928,2699,41.0,Male,Groceries,New York,7,157.91,5.0,Debit Card,2024-08-22,1105.37
929,2250,44.0,Male,Clothing,Phoenix,9,187.52,10.0,Credit Card,2024-03-23,1687.68
930,2682,30.0,Female,Clothing,Los Angeles,7,386.02,10.0,UPI,2024-04-02,2702.14
931,2555,25.0,Male,Electronics,Houston,1,406.41,0.0,Credit Card,2024-11-07,406.41
932,4512,58.0,Female,Sports,Los Angeles,9,203.18,5.0,UPI,2024-09-24,1828.62
933,4473,69.0,Female,Clothing,New York,4,473.84,0.0,UPI,2024-04-29,1895.36
934,3094,40.0,Male,Clothing,Phoenix,3,206.2,0.0,Cash,2024-03-11,618.5999999999999
935,2256,27.0,Female,Groceries,New York,4,387.06,5.0,Debit Card,2024-01-17,1548.24
936,4376,31.0,Female,Sports,Los Angeles,4,244.52,0.0,Cash,2024-09-09,978.08
937,2549,19.0,Male,Electronics,Phoenix,2,449.28,0.0,Cash,2024-05-01,898.56
938,2166,64.0,Female,Clothing,Phoenix,1,454.34,10.0,Cash,2024-01-10,454.34
939,4486,24.0,Female,Sports,New York,1,48.27,0.0,UPI,2024-10-13,48.27
940,4584,42.0,Male,Sports,Houston,8,468.56,10.0,Cash,2024-11-11,3748.48
941,2396,31.0,Female,Electronics,Los Angeles,2,413.64,5.0,UPI,2024-11-21,827.28
942,4637,41.0,Unknown,Sports,Chicago,5,396.7,0.0,Debit Card,2024-09-29,1983.5
943,4957,45.0,Male,Sports,Chicago,4,104.45,5.0,UPI,2024-11-01,417.8
944,4330,58.0,Female,Sports,New York,8,403.53,0.0,UPI,2024-10-19,3228.24
945,3703,29.0,Male,Clothing,Los Angeles,2,425.82,5.0,Credit Card,2024-07-28,851.64
946,1470,18.0,Female,Electronics,Los Angeles,9,148.13,5.0,Cash,2024-08-05,1333.17
947,4018,25.0,Female,Sports,New York,7,476.37,5.0,Cash,2024-08-28,3334.59
948,2035,63.0,Male,Sports,Los Angeles,7,29.68,10.0,Cash,2024-07-18,207.76
949,2353,61.0,Male,Clothing,Houston,1,79.21,10.0,Cash,2024-08-03,79.21
950,3783,43.0,Female,Electronics,New York,2,271.1,10.0,Credit Card,2024-07-23,542.2
951,3831,43.0,Female,Groceries,Houston,4,290.02,0.0,Credit Card,2024-08-03,1160.08
952,1967,46.0,Female,Clothing,Los Angeles,4,324.35,0.0,Credit Card,2024-03-20,1297.4
953,1357,27.0,Male,Electronics,New York,3,13.4,5.0,Credit Card,2024-09-23,40.2
954,4019,64.0,Female,Sports,Los Angeles,7,480.38,15.0,Cash,2024-02-04,3362.66
955,4479,36.0,Female,Electronics,New York,8,27.07,10.0,UPI,2024-10-15,216.56
956,1667,35.0,Other,Electronics,Los Angeles,2,75.82,10.0,Debit Card,2024-01-18,151.64
957,1372,40.0,Male,Electronics,Houston,4,11.94,0.0,Credit Card,2024-06-13,47.76
958,2031,20.0,Female,Groceries,Houston,3,285.59,5.0,UPI,2024-01-13,856.77
959,2145,27.0,Female,Electronics,Los Angeles,2,466.47,5.0,Credit Card,2024-07-20,932.94
960,2371,51.0,Male,Groceries,New York,6,334.64,0.0,Cash,2024-08-16,2007.84
961,3723,22.0,Female,Sports,Chicago,4,412.22,0.0,Cash,2024-12-11,1648.88
962,1089,43.0,Male,Groceries,Houston,6,11.57,15.0,UPI,2024-01-01,69.42
963,4719,30.0,Female,Sports,Houston,2,273.3,0.0,UPI,2024-11-14,546.6
964,3745,35.0,Female,Sports,Chicago,4,232.48,0.0,UPI,2024-08-04,929.92
965,4387,32.0,Male,Groceries,Los Angeles,6,251.99,0.0,Cash,2024-02-03,1511.94
966,4249,34.0,Female,Clothing,New York,5,40.75,15.0,Cash,2024-12-24,203.75
967,1539,50.0,Female,Home & Kitchen,Los Angeles,3,343.8,5.0,Debit Card,2024-09-22,1031.4
968,3779,32.0,Male,Electronics,Phoenix,8,254.09,10.0,UPI,2024-05-07,2032.72
969,1868,42.0,Unknown,Home & Kitchen,Houston,7,383.75,15.0,Debit Card,2024-07-30,2686.25
970,1040,39.0,Other,Electronics,Phoenix,3,245.22,0.0,Credit Card,2024-09-19,735.66
971,1739,39.0,Female,Electronics,Houston,6,78.94,5.0,Debit Card,2024-11-07,473.64
972,4775,66.0,Male,Sports,Houston,4,325.89,0.0,Credit Card,2024-03-20,1303.56
973,2946,51.0,Female,Electronics,Phoenix,5,90.33,0.0,Credit Card,2024-06-13,451.65
974,3549,29.0,Female,Electronics,Phoenix,5,436.84,10.0,Debit Card,2024-09-08,2184.2
975,4006,19.0,Male,Groceries,Los Angeles,7,308.49,10.0,UPI,2024-01-12,2159.4300000000003
976,4216,31.0,Female,Home & Kitchen,Phoenix,5,82.82,0.0,Credit Card,2024-10-30,414.1
977,2224,43.0,Female,Groceries,Los Angeles,3,481.36,0.0,UPI,2024-07-30,1444.08
978,1928,20.0,Female,Electronics,Los Angeles,5,261.59,5.0,Cash,2024-10-08,1307.9499999999998
979,3036,39.0,Male,Sports,Los Angeles,7,41.08,0.0,Credit Card,2024-04-21,287.56
980,4795,43.0,Female,Groceries,Houston,5,315.28,0.0,Cash,2024-07-29,1576.4
981,3508,33.0,Other,Groceries,Houston,5,130.33,0.0,Debit Card,2024-08-26,651.6500000000001
982,3779,53.0,Male,Clothing,Phoenix,9,402.83,0.0,UPI,2024-09-24,3625.47
983,3799,23.0,Female,Electronics,Houston,3,409.82,10.0,Debit Card,2024-10-24,1229.46
984,1924,22.0,Female,Sports,Phoenix,6,489.58,0.0,Credit Card,2024-11-12,2937.48
985,3956,50.0,Female,Groceries,Houston,1,253.43,0.0,Cash,2024-02-27,253.43
986,2581,39.0,Male,Groceries,New York,5,230.2,5.0,Credit Card,2024-02-03,1151.0
987,4618,47.0,Female,Sports,New York,8,377.97,15.0,Debit Card,2024-09-19,3023.76
988,4324,37.0,Female,Electronics,Phoenix,5,70.57,0.0,UPI,2024-12-30,352.85
989,1389,30.0,Female,Clothing,Houston,9,275.72,0.0,UPI,2024-02-04,2481.4800000000005
990,2617,57.0,Female,Groceries,Houston,6,275.39,0.0,Credit Card,2024-09-27,1652.34
991,3930,56.0,Unknown,Clothing,Los Angeles,8,49.29,10.0,Credit Card,2024-08-14,394.32
992,1255,48.0,Male,Home & Kitchen,Chicago,8,211.9,5.0,Cash,2024-01-25,1695.2
993,1708,31.0,Male,Electronics,Phoenix,3,427.38,10.0,Debit Card,2024-08-21,1282.14
994,2838,43.0,Female,Home & Kitchen,Chicago,7,428.8,0.0,Credit Card,2024-02-28,3001.6
995,2944,34.0,Male,Home & Kitchen,Chicago,7,54.12,10.0,Cash,2024-09-07,378.84
996,3497,23.0,Male,Home & Kitchen,Phoenix,6,49.91,5.0,Credit Card,2024-11-30,299.46
997,1009,64.0,Male,Electronics,Houston,7,135.03,5.0,UPI,2024-03-26,945.21
998,3871,25.0,Male,Electronics,Phoenix,2,438.01,0.0,Cash,2024-09-07,876.02
999,1797,67.0,Male,Sports,Chicago,9,68.81,0.0,Cash,2024-06-28,619.29
1000,4313,37.0,Unknown,Clothing,Houston,1,361.4,0.0,Credit Card,2024-07-25,361.4
